date,count
1390-1352 bc,1039
6500bc-6000bc,777
1479-1458 bc,768
600 bc-570 bc,657
575bc-550bc,610
1981-1640 bc,552
6thc bc,542
610bc-580bc,535
1550-1295 bc,484
117-138,476
600bc-550bc,472
570bc-560bc,471
2030-1640 bc,430
138-161,427
600bc-570bc,408
1353-1336 bc,398
990-970 bc,397
14th-15th century,383
3rd-4th century,365
1295-1070 bc,364
1981-1975 bc,362
7thc-8thc,358
6thc-8thc,346
664-30 bc,334
5th-6th century,330
1050 bc,302
1802,293
550bc-525bc,290
664-610 bc,289
630bc-600bc,272
6th-7th century,248
3rdc bc-1stc bc,244
664-332 bc,243
14thc,242
620 bc-31 bc,242
97-117,239
3rdc bc-2ndc bc,238
4th-5th century,215
580bc-570bc,212
600bc-575bc,209
580bc-540bc,204
620 bc-300 bc,201
2ndc bc-1stc bc,184
1stc-2ndc,177
222-235,166
595bc-570bc,165
560bc-550bc,165
3850-2960 bc,164
14thc-15thc,163
1830s-1840s,159
1479-1425 bc,155
5th century,154
6thc bc-6thc,154
570bc-530bc,150
664 bc-332 bc,146
1stc bc,144
2ndc,143
4th century,142
1917,140
6thc-7thc,140
244-249,135
1279-1213 bc,135
1492-1473 bc,131
284-305,127
500bc-400bc,127
3rdc bc,126
54-68,126
13th-14th century,125
1stc,122
332bc-250bc,119
286-308,119
305-313,117
1900-1927,115
253-268,115
3rdc,114
20thc,113
580bc-530bc,112
30 bc-ad 364,110
550bc-350bc,109
610bc-570bc,108
332-30 bc,107
300bc-250bc,107
610bc-550bc,103
550 bc-450 bc,102
161-180,101
15thc,100
550bc,100
1850-1640 bc,100
1635-1458 bc,100
500 bc-300 bc,99
1981-1802 bc,99
7thc bc-6thc bc,97
238-244,96
11th century,96
81-96,95
1504-1447 bc,95
5thc-6thc,94
950 bc-930 bc,93
2051-2030 bc,93
600bc-560bc,93
400bc-200bc,92
550bc-400bc,92
6thc bc-4thc bc,91
1961-1917 bc,91
1802-1550 bc,87
100 bc-100 ad,85
180-192,84
350bc-200bc,84
19thc,83
69-79,81
630bc-400bc,81
620bc-550bc,80
300bc-100bc,79
11thc-12thc,78
1981-1550 bc,78
4thc bc-3rdc bc,77
6thc bc early,76
1550-1458 bc,75
"02 june 2006  ,  december 2000",74
4thc bc,74
"10 may 2006  ,  december 2000",73
1867,72
5thc-7thc,72
7thc bc-7thc ad,72
200bc- 30bc,72
270-275,71
560bc-540bc,71
3rd-12th century,71
525bc-330bc,70
10th-12th century,70
5thc bc,70
13thc-14thc,70
1070-664 bc,68
2ndc bc,67
945bc-720bc,67
6thc bc-2ndc bc,67
600bc-580bc,67
540bc-520bc,66
664-525 bc,65
41-54,65
550bc-530bc,64
"09 may 2006  ,  december 2000",64
550bc-500bc,64
620bc-570bc,63
2620-2600 bc,63
620bc-590bc,63
13th-16th century,62
1stc-7thc,62
200bc-50bc,62
235-238,62
2ndc-3rdc,61
27bc-14,60
4thc-5thc,60
7th-8th century,60
580bc-560bc,59
664 bc-525 bc,59
1920s,58
16thc,58
11th-12th century,58
6th century,58
10th century,58
285 bc-246 bc,58
570bc-550bc,58
500bc-450bc,57
1850-1775 bc,57
12th century,57
1802-1450 bc,56
550bc-540bc,56
620bc-600bc,56
560bc-530bc,56
625bc-600bc,55
450bc-400bc,55
14thc bc,55
600 bc-550 bc,55
130-138,54
1336-1327 bc,54
1194-1188 bc,53
308-324,52
1stc bc-1stc,52
1070-945 bc,52
218-222,52
600bc-500bc,52
4thc,52
4thc-6thc,51
276-282,51
7thc bc-4thc bc,51
293-311,51
6thc,50
200bc-1bc,50
675bc-400bc,50
1981-1295 bc,50
14th century,50
1stc-3rdc,49
11thc,49
200-300,49
400-30 bc,49
15th century,48
630bc-450bc,48
10thc-11thc,48
268-270,48
10thc-12thc,47
10th-11th century,47
540bc-530bc,47
500bc-480bc,47
525bc-500bc,47
575bc-565bc,46
300bc-30bc,46
1550-1525 bc,46
620bc-580bc,46
1850-1700 bc,45
1525-1504 bc,45
161-169,45
1640-1550 bc,45
1825-35,44
6thc bc-5thc bc,44
253-260,44
2ndc-4thc,44
1887-1813 bc,42
600-850,42
500bc-250bc,42
610bc-560bc,42
3100-2649 bc,42
1760-1670 bc,42
1070-343 bc,41
180bc-145bc,41
600bc,41
7thc,41
330bc-200bc,41
4thc-7thc,40
480-650,40
500bc-300bc,40
525bc-30bc,39
5thc bc-4thc bc,39
664-380 bc,39
300 bc-250 bc,39
8thc,39
306-337,38
600 bc,38
9th-10th century,37
2ndc- 3rdc,36
304 bc-ad 364,36
4thc bc-1stc bc,36
300bc-200bc,36
1577-1637,36
306-30 bc,36
4th bc-3rd bc,35
1802-1640 bc,35
1352-1336 bc,35
9th century,34
590bc-570bc,34
560bc-520bc,34
1504-1425 bc,34
"31 may 2006  ,  december 2000",34
145bc-116bc,33
1427-1400 bc,33
332bc-323bc,33
530bc-510bc,33
1930s,33
1798,33
600bc-300bc,33
100-600,32
610bc-600bc,32
305-306,32
6c bc,32
1803,32
19thc-20thc,32
15thc bc,32
300bc,32
1550-1425 bc,31
285bc-246bc,31
1920s-1930s,31
14-37,31
5th-7th century,31
400bc-300bc,31
450bc-350bc,31
575bc-560bc,31
400bc-350bc,30
350bc-250bc,30
1597,30
1850bc-1800bc,30
1400-1390 bc,30
1-200,30
600bc-525bc,29
200bc-100bc,29
12thc,29
193-198,29
3rdc-4thc,29
750bc-300bc,29
3100-2900 bc,28
18thc,28
360-300 bc,28
324-361,28
712-30 bc,28
350bc-300bc,28
238,27
1900-1930,27
1750-1753,27
325bc-275bc,27
2649-2100 bc,27
200 bc-100 ad,27
1504-1492 bc,27
2960-2649 bc,27
7thc-10thc,27
8th-9th century,27
1153-1147 bc,27
575bc-525bc,27
425bc-400bc,26
1991-1450 bc,26
570bc-540bc,26
480bc-400bc,26
30bc-300,26
480bc-450bc,25
1650bc-1050bc,25
664 bc-31 bc,25
249-251,25
4th-6th century,25
580bc-550bc,25
1000-945 bc,25
296-197,25
8th century,25
ad 1st century,24
6th-8th century,24
1350bc,24
600bc-540bc,24
1stc bc-1stc ad,24
1909-1910,24
"08 november 2012  ,  march 1998",24
300bc-275bc,24
540bc-510bc,24
1990,24
301,24
1375bc-1300bc,24
300bc-270bc,24
4500-4000 bc,24
8thc-9thc,24
330bc-30bc,24
500bc,24
610bc-590bc,24
560bc-500bc,24
610bc-540bc,24
1492-1479 bc,24
1570-1070 bc,24
6th century bc,24
1570-1293 bc,24
595bc-550bc,24
1550-1352 bc,23
"06 july 2006  ,  december 2000",23
1580-1479 bc,23
2051-2000 bc,23
221bc-205bc,23
300,23
1799-1802,23
620bc-500bc,23
302-303,23
293-306,23
6500-4500 bc,23
1750bc-1450bc,23
664bc-31bc,23
1550-1070 bc,22
1991,22
1900 bc,22
400-200 bc,22
300 bc-275 bc,22
425 bc-300 bc,22
295-296,22
1865,22
"20 july 2006  ,  november 1996",22
68-69,22
"05 november 2012  ,  march 1998",22
2650 bc,22
520bc-500bc,22
620bc-525bc,22
1070-525 bc,22
9thc,21
400bc-375bc,21
525-30 bc,21
1900-1920,21
590bc-560bc,21
720-734,21
1740-1640 bc,21
1916,21
20bc-100,21
525bc-332bc,21
630bc-570bc,21
293-314,21
4thc bc-2ndc bc,20
1stc -2ndc,20
10thc,20
1550-1479 bc,20
304-30 bc,20
69,20
1981-1952 bc,20
430bc-400bc,20
425bc-375bc,20
51-100,20
1400bc-1200bc,20
1993,20
332-31 bc,19
250bc-200bc,19
3rd-7th century,19
332bc-200bc,19
"23rd may 2006  ,  december 2000",19
600bc-530bc,19
1070-712 bc,19
305-30 bc,19
1550bc-1050bc,18
620bc-330bc,18
1640-1650,18
282-284,18
600bc-400bc,18
130bc-100bc,18
620 bc-400 bc,18
2124-1981 bc,18
1479-1400 bc,18
630bc-550bc,18
475bc-300bc,18
712-525 bc,18
330bc-250bc,18
3rdc-6thc,18
"300,000-90,000 bc",18
"11 may 2006  ,  december 2000",18
325 bc-275 bc,18
13th century,18
945-525 bc,18
283-285,18
"14 november 2012  ,  march 1998",18
4th century bc,17
30 bc-ad 330,17
350bc-100bc,17
1950-1885 bc,17
620bc-530bc,17
9thc-10thc,17
205 bc,17
525-332 bc,17
1799,17
164bc-145bc,17
304-305,17
145 bc-109 bc,17
1630-1648,17
251-253,16
1850-1750 bc,16
1834,16
2960-2770 bc,16
600 bc-575 bc,16
17thc,16
2750-2649 bc,16
"26th may 2006  ,  december 2000",16
620bc-575bc,16
196-217,16
3rdc bc -1stc bc,16
550 bc-500 bc,16
20bc-150,16
2124-1504 bc,16
580bc-575bc,16
1500 bc-600 bc,16
100-120,16
530bc-500bc,16
450bc-425bc,16
500-650,16
150-250,16
570-526 bc,16
600bc-330bc,16
7th century,16
200bc-160bc,16
1801,16
600bc-332bc,16
ad 1st-2nd century,15
7thc-9thc,15
550bc-520bc,15
1250bc,15
3500-3300 bc,15
300bc-1bc,15
1295-1185 bc,15
200bc-30bc,15
500 bc-350 bc,15
dated 1296,15
30 bc-364 ce,15
124 bc,15
610bc,15
630bc-330bc,15
ad 1914-1916,15
560bc-510bc,15
100-300,15
210bc-200bc,15
305bc,15
200bc-150bc,15
760 bc-525 bc,15
390bc-380bc,15
430bc-410bc,15
1914,15
5thc,15
712-332 bc,15
3650-3300 bc,15
15th-16th century,15
222bc-204bc,15
1850-1870,15
32,15
1stc-4thc,15
193-211,15
450bc-406bc,15
550 bc-525 bc,14
1186-1070 bc,14
1839,14
375bc-350bc,14
400bc-380bc,14
440bc-420bc,14
2110-2030 bc,14
500bc-475bc,14
1400bc,14
3300-3100 bc,14
5thc -7thc,14
550 bc,14
"24th may 2006  ,  december 2000",14
1859-1813 bc,14
1stc ad-2ndc ad,14
1620-1655,14
522-343 bc,14
1914-1918,14
2ndc bc-2ndc ad,14
530bc,14
434-533,14
6thc bc-1stc bc,14
3850-2300 bc,14
600 bc-580 bc,14
205bc-180bc,14
525-343 bc,14
8,14
1550bc-1200bc,14
1295-1186 bc,14
685-525 bc,14
297-298,14
200 bc-145 bc,13
200 bc-160 bc,13
323bc-316bc,13
1184-664 bc,13
2nd century bc-2nd century ad,13
630bc-580bc,13
525bc-475bc,13
599bc- 575bc,13
2030-1981 bc,13
167 bc -146 bc,13
510bc-490bc,13
27,13
1878,13
1295-525 bc,13
1804,13
600-620,13
1184-1153 bc,13
1651,13
5thc bc-3rdc bc,13
300 bc-270 bc,13
9,13
400bc-250bc,13
530bc-520bc,13
625bc-550bc,13
550bc-450bc,13
250bc-100bc,13
2050bc-1750bc,13
21,13
640bc-530bc,13
570bc-520bc,12
"29 july 2006  ,  november 1996",12
145bc-109bc,12
131 bc,12
300bc-50bc,12
2381-2323 bc,12
1300bc-1200bc,12
620bc-540bc,12
19th century,12
"90,000-5,000 bc",12
1824,12
734-745,12
751-758,12
ad 2nd century,12
520bc-480bc,12
1stc bc-2ndc,12
400bc-100bc,12
8th-10th century,12
150 bc-100 bc,12
mid 5thc,12
258-260,12
1550-1450 bc,12
19,12
332 bc-395 ce,12
1070-656 bc,12
1808,12
3rdc bc-2ndc ad,12
3rdc bc-4thc,12
200 bc-200 ad,12
3900-3500 bc,12
1635,12
1653-1657,12
146bc-108bc,11
295,11
7thc bc-5thc bc,11
500bc-200bc,11
525bc-480bc,11
34,11
2051-1981 bc,11
1stc bc-2ndc ad,11
189 bc,11
1759,11
1000 bc,11
1650,11
375bc-325bc,11
1250-1400,11
31,11
247bc-222bc,11
600 bc-500 bc,11
3650-3500 bc,11
12th-14th century,11
200 bc-ad 400,11
1390-1353 bc,11
754-775,11
33,11
540bc-500bc,11
520bc-490bc,11
737,11
2nd-3rd century,11
3100-2650 bc,11
712-343 bc,11
600bc-450bc,11
1640-1680,11
"23 june 2006  ,  december 2000",11
12th-13th century,11
225bc-200bc,11
620bc-610bc,10
510bc-480bc,10
545bc-530bc,10
100-200,10
610bc-530bc,10
1614-1659,10
150 bc-110 bc,10
125 bc,10
mid 10th-late 8th century bc,10
145 bc-135 bc,10
6thc bc-3rdc bc,10
1920,10
1910,10
540bc-525bc,10
306-307,10
200 bc-165 bc,10
147 bc,10
12thc-13thc,10
22,10
500bc-425bc,10
136-138,10
1215bc,10
1850bc,10
300 bc,10
550-650,10
400 bc-350 bc,10
1353-35 bc,10
4thc bc -3rdc bc,10
400 bc-100 ad,10
16,10
3100 bc,10
2,10
480bc-460bc,10
1840,10
50-150,10
3rdc bc -2ndc bc,10
1888,10
14,10
1450bc-1200bc,10
1-100,10
"27 april 2006  ,  december 2000",10
4000-3050 bc,10
599bc-575bc,10
mid 3rdc,10
bc 1stc-ad 1stc,10
97-98,9
28bc,9
475bc-450bc,9
560bc-555bc,9
900bc-700bc,9
"december 2000  ,  03 july 2011",9
585bc-565bc,9
308-310,9
"20 june 2006  ,  december 2000",9
"21 may 2006  ,  december 2000",9
2323-2150 bc,9
29,9
3rd century,9
450bc-375bc,9
700bc-600bc,9
50bc-10,9
1750bc-1550bc,9
1200-1194 bc,9
1900-1640 bc,9
8thc-10thc,9
1300,9
15thc-16thc,9
282-283,9
600bc-200bc,9
1813-1862,9
734-742,9
1950-1850 bc,9
475bc-425bc,9
688-525 bc,9
4th-3rd century bc,9
1400-1352 bc,9
1900-1850 bc,9
"4thc ,  300-400",9
1925,9
600bc-630,9
9th-11th century,9
4,9
1640-1500 bc,9
2446-2389 bc,9
664 bc- 332 bc,9
5thc-9thc,9
1427-1390 bc,9
560bc,9
1816-18,9
20,9
126bc,9
1800,9
610bc-575bc,9
2050-2000 bc,9
600bc-576bc,9
525-404 bc,9
500bc-470bc,9
333bc-250bc,9
330bc-300bc,9
3,9
1981-1650 bc,9
18,9
16th century,9
575 bc-550 bc,9
298-299,9
1786-1482 bc,9
1550-1186 bc,9
300 bc-50 bc,9
350bc,8
620bc-250bc,8
100 bc-50 bc,8
510bc-500bc,8
193,8
575bc-500bc,8
7thc bc- 6thc bc,8
7th-9th century,8
3300bc,8
1stc-5thc,8
30bc-630,8
1314-1369,8
160bc-108bc,8
42bc,8
575bc-540bc,8
28,8
1295bc-1186bc,8
180bc-170bc,8
1295-1294 bc,8
550bc-500bc ),8
275 bc-250 bc,8
590-786,8
525 bc-475 bc,8
30,8
664bc-525bc,8
1stc bc-3rdc ad,8
332bc-30bc,8
1stc-10thc,8
3rdc-10thc,8
500 bc-450 bc,8
30bc-200ad,8
2060-2010 bc,8
7thc bc,8
664 bc,8
2551-2528 bc,8
300bc-150bc,8
480bc-470bc,8
595-380 bc,8
1567bc-1320bc,8
664 bc-402 bc,8
20bc-25,8
25,8
6thc bc late,8
50bc-200,8
1650 bc-1550 bc,8
150bc-50bc,8
ad 2nd-3rd century,8
1835,8
1575-1600,8
1856-1858,8
80bc,8
160 bc-108 bc,8
1900,8
1640-1504 bc,8
1909,8
1353-1323 bc,8
200 bc-100 bc,8
9thc-11thc,8
1990s,8
1950-1900 bc,8
127 bc,8
1897-1878 bc,8
500bc-460bc,8
1294-1279 bc,8
253-258,8
2600bc-2000bc,8
1778,8
1450bc,8
600,8
12,8
152 bc,8
1960s,8
4400-3800 bc,8
"05 october 2009  ,  december 2000",8
1814,8
1830-1835,7
490bc-460bc,7
400bc-330bc,7
590bc-550bc,7
589-570 bc,7
194,7
5thc bc early,7
1809,7
1370-1350 bc,7
1918,7
246bc-222bc,7
1583-1601,7
664bc-332bc,7
79-81,7
440bc-410bc,7
5th century bc,7
1728,7
1st-3rd century ad,7
ad 1914-1915,7
1830-1836,7
210bc,7
1-50,7
599bc-550bc,7
625bc-575bc,7
575bc,7
after 600,7
1188-1186 bc,7
253,7
1390bc-1352bc,7
1843-1846,7
210bc-190bc,7
200 bc-175 bc,7
125bc,7
1350bc-1200bc,7
143 bc,7
3200-2650 bc,7
126 bc,7
6th-9th century,7
304bc-382bc,7
750bc-500bc,7
209bc,7
ad 1922,7
480bc-330bc,7
525 bc-450 bc,7
550bc -330bc,7
420bc-410bc,7
1200bc-945bc,7
1640,7
220bc-188bc,7
1700-1550 bc,7
1871,7
1stc bc-early 1stc,7
unknown,7
132 bc,7
714-721,7
"3rdc bc  ,  2ndc bc",7
664-343 bc,7
142bc-141bc,7
1600,7
2350 bc,7
1850-1800 bc,7
23,7
610 bc-550 bc,7
167 bc-146 bc,7
450bc-420bc,7
139 bc,7
145 bc- 108 bc,7
140 bc -135 bc,7
235 bc-200 bc,7
1700 bc,7
20bc-40,7
1650bc-1200bc,7
630bc-525bc,7
1924-30,7
1593,7
750 bc-300 bc,7
599bc-500bc,7
210 bc-200 bc,7
350bc-150bc,7
181bc,7
213 bc  142),7
130 bc-110 bc,7
mid-11th century,7
700bc-680bc,7
540bc,6
1770-1670 bc,6
1628,6
1919-1885 bc,6
900bc,6
620bc-560bc,6
3rdc-5thc,6
749-750,6
750-700 bc,6
"06 may 2014  ,  december 2000",6
200bc-145bc,6
300bc-201bc,6
1370bc,6
188bc-167bc,6
1608,6
1836,6
220bc-210bc,6
305 bc-282 bc,6
311-313,6
17,6
10,6
250bc-150bc,6
189bc,6
1520,6
1780,6
1816,6
450bc-300bc,6
175bc-174bc,6
600 bc- 570 bc,6
1070-332 bc,6
1619,6
probably 10th-12th century,6
350bc-325bc,6
1400-1295 bc,6
200bc,6
1845-1847,6
630bc-590bc,6
664bc-30bc,6
1635-1682,6
119bc,6
"07 july 2006  ,  december 2000",6
1290 bc-1077 bc,6
1927,6
151-152,6
ad 1913,6
199 bc,6
460bc-430bc,6
17th century,6
540 bc-530 bc,6
1stc bc-3rdc,6
550-699,6
2030-2000 bc,6
610bc-500bc,6
3rd-8th century,6
8thc bc-7thc bc,6
early 6thc bc,6
550bc-510bc,6
13thc-15thc,6
175bc,6
160 bc -155 bc,6
175 bc-145 bc,6
1040-992 bc,6
198 bc,6
500 bc-400 bc,6
188 bc-167 bc,6
1859-1770 bc,6
740-741,6
1900-1802 bc,6
1293-1185 bc,6
1815,6
1580,6
440bc-430bc,6
1390-1186 bc,6
8thc bc,6
128 bc,6
111 bc,6
145 bc,6
1614-1664,6
400bc,6
146 bc-108 bc,6
1186-945 bc,6
1797,6
200 bc-150 bc,6
36,6
1642-1679,6
1500-1400 bc,6
220 bc-188 bc,6
170 bc,6
250bc-50bc,6
1990-2000,6
1887-1750 bc,6
16thc-18thc,6
129 bc,6
3rdc-7thc,6
1475-1500,6
145bc-110bc,6
1523,6
1848,6
4th-7th century,6
595-30 bc,6
30bc-150,6
1859-1640 bc,6
1,6
1stc ad-3rdc ad,6
146 bc,6
137bc-136bc,6
13,6
2353-2323 bc,6
1549-1069 bc,6
2289-2255 bc,6
26 jun 1964,6
3rd-5th century,6
130 bc,6
304bc-283bc,6
1700-1676 bc,6
450bc-430bc,6
296,6
2014,6
1952,6
5thc bc-5thc bc,6
460bc,6
2nd-1st century bc,6
10bc-40ad,6
1550,6
1600bc-1500bc,6
117bc,6
1886,6
520bc-510bc,6
575bc-570bc,6
1400,6
30 bc-323 ce,6
1550-1700ad,5
300bc-200,5
1750 bc,5
probably 5th century,5
"1650bc-1050bc  ,  1050bc-400bc",5
664-200 bc,5
1630-1680,5
2061-1784 bc,5
160 bc-145 bc,5
1804-1815,5
1980,5
1550bc-1300bc,5
246-222 bc,5
100 bc-200 ad,5
3700-3450 bc,5
5thc-8thc,5
225bc-175bc,5
1200-1400ad,5
420bc-400bc,5
1900bc-1800bc,5
1340bc-1200bc,5
1560-1600,5
1850-1650 bc,5
1200-1500,5
305,5
470bc-450bc,5
308,5
1st century bc to 5th century ad,5
1720-1765,5
750bc-600bc,5
1913,5
560bc-525bc,5
375bc-300bc,5
11,5
945-712 bc,5
1633-1636,5
30bc,5
1400bc-1300bc,5
1853,5
620-640,5
1813,5
490bc-470bc,5
500 bc,5
1542-1585,5
1766,5
3rd-6th century,5
1st-2nd century,5
1000 bc-600 bc,5
2500bc-1500bc,5
250-251,5
7,5
1660-1670,5
3rdc-8thc,5
525bc-510bc,5
580bc,5
1850bc-1700bc,5
1869,5
2nd-7th century,5
1644,5
1828,5
"29 may 2006  ,  november 1996",5
1663,5
1502,5
290 bc-280 bc,5
9th-19th century,5
9th-12th century,5
"31 may 2006  ,  november 2000",5
1805-1825,5
c 664 bc,5
160 bc-140 bc,5
37,5
1748,5
1850bc-1550bc,5
5,5
375 bc-325 bc,5
1825,5
67-120,5
3000bc,5
1820,5
1859,5
400 bc-300 bc,5
460bc-420bc,5
520bc-470bc,5
470bc-460bc,5
946-74,5
1600bc-1050bc,5
2000bc-1500bc,5
450bc-330bc,5
1353-1295 bc,5
370bc-350bc,5
1580-1550 bc,5
1200-30 bc,5
664 bc or later,5
1150-1250,5
712-664 bc,5
1500-1510,5
5thc bc- 4thc bc,5
485bc-465bc,5
200 bc,5
400bc-325bc,5
1627,5
220bc-180bc,5
"1610-1638  ,  1652",5
1189 bc-943 bc,5
1631,5
162bc-161bc,5
1861,5
1479-1390 bc,5
300bc-100,5
540bc-480bc,5
400bc-370bc,5
30bc-250ad,5
2030-1850 bc,5
1752,5
293-305,5
1843,5
550bc-330bc,5
425bc-410bc,5
235bc-200bc,5
129bc,5
500bc -300bc,5
717-722,5
10bc-40,5
2400bc-2200bc,5
420bc-380bc,5
440bc-400bc,5
1805 bc,5
480bc-350bc,5
2345-2181 bc or later,5
485bc,5
1294-1213 bc,5
1550-1650,5
145 bc-108 bc,5
525 bc-330 bc,5
330bc -200bc,5
700bc,5
5thc-10thc,5
1st century bc-1st century ad,5
500-200 bc,5
1685-1740,5
420bc-390bc,5
500-550,5
759-760,5
924-889 bc,5
2100-2010 bc,5
2246-2152 bc,5
325bc-300bc,5
110 bc-80 bc,5
ad 3rd century,5
1509,5
137 bc,5
1505-1515,5
1895,5
1961-1878 bc,5
1654-1660,5
2880-2465 bc,5
100bc-10,5
1600-1500 bc,5
ad 1st-4th century,5
1802-1700 bc,5
125 bc -120 bc,5
1915,5
1700-1600 bc,5
490bc,5
1900-1914,5
100bc-1bc,5
1800bc,5
210 bc  142),5
1905,5
1748-1741 bc,5
116 bc,5
630bc-540bc,5
630bc -400bc,5
15thc-17thc,5
450bc,5
61bc,5
1922-1923,5
130 bc-100 bc,5
1762,5
1900-1945,5
1930,5
1020-35,5
1999,5
150bc-100bc,5
610 bc-590 bc,5
908-32,5
1970s,5
500bc-490bc,5
1878-1840 bc,5
148 bc,5
1750-1700 bc,5
220 bc-210 bc,5
222bc-205bc,5
175 bc-150 bc,5
1805,5
222bc-180bc,5
1390-1349 bc,5
475bc-400bc,4
1466-1476,4
1stc bc-4thc,4
3000 bc,4
525bc-450bc,4
300-400 ce,4
2112-2004 bc,4
570bc,4
230bc-100bc,4
625bc-590bc,4
1800-1870,4
1855,4
1827,4
13thc,4
480bc,4
100-250,4
1-150,4
1624,4
1807-1816,4
1000,4
510 bc-480 bc,4
1851-1852,4
1420,4
330-370,4
1stc -3rdc,4
1585-1595,4
2011,4
490bc-480bc,4
1633-1682,4
430 bc-400 bc,4
3500 bc,4
150bc-149bc,4
1571,4
1521,4
525bc-343bc,4
1500 bc,4
604-562 bc,4
1645,4
1622,4
1518,4
762-769,4
171bc-170bc,4
270,4
520 bc-470 bc,4
210bc-100bc,4
1980s,4
270 bc-260 bc,4
156-157,4
bc 3rdc-bc 1stc,4
1660-1700,4
1479bc-1352bc,4
510bc-470bc,4
1600-1633,4
5c bc,4
1614-1641,4
185 bc,4
565bc-560bc,4
1610-1647,4
620bc-630,4
590bc-580bc,4
3rdc bc-1stc,4
630bc-500bc,4
1656-1660,4
1582,4
700 bc-600 bc,4
2100-1790 bc,4
1589,4
1650-1655,4
1220bc,4
364-375,4
125bc-1bc,4
2613bc-2494bc,4
1150bc,4
2055bc-2004bc,4
1653-1660,4
1520-1540,4
1380bc,4
1786-1808,4
250 bc-200 bc,4
5thc-7thc ad,4
167bc-108bc,4
1645-1700,4
1734,4
1630-1666,4
230bc,4
1810,4
1780-1790,4
1735,4
1630-1645,4
1500,4
1880,4
145bc-108bc,4
600 bc-450 bc,4
1666-1695,4
235bc-160bc,4
240bc-200bc,4
1stc-8thc,4
275bc-250bc,4
172bc,4
1500-1525,4
550bc-480bc,4
1500 bc-1000 bc,4
3rd century bc,4
480 bc-400 bc,4
1300bc,4
500 bc-425 bc,4
450 bc-420 bc,4
1649,4
1300-1350,4
305bc–30bc,4
560 bc-525 bc,4
41–54,4
1665-1692,4
350 bc to 275 bc,4
630 bc-525 bc,4
1757,4
17thc-18thc,4
380 bc-280 bc,4
late 7thc bc-late 1stc bc,4
145bc-135bc,4
1469-1473,4
330bc-150bc,4
330bc-100bc,4
1652,4
1660-1680,4
1791,4
194bc,4
1576,4
1590,4
4500bc-3500bc,4
1600-1620,4
690-645 bc,4
205 bc-200 bc,4
3700-3500 bc,4
2100-2090 bc,4
215,4
656-610 bc,4
1891,4
630 bc,4
7th-10th century,4
688-332 bc,4
750-525 bc,4
868-905,4
"520bc-490bc  ,  550bc-500bc",4
1870,4
1035-94,4
125bc-120bc,4
early 14th century,4
1700-1500 bc,4
550bc-545bc,4
5th-8th century,4
825-712 bc,4
ad 1925,4
460bc-450bc,4
"90,000-35,000 bc",4
1900-1800 bc,4
393bc-339bc,4
"1323-1295 bc, possibly",4
2323-2100 bc,4
146-147,4
1850-1070 bc,4
ad 1915,4
1860s,4
200 bc -160 bc,4
425bc-325bc,4
500 bc-200 bc,4
130 bc-105 bc,4
150 bc,4
1912,4
1821,4
615bc-600bc,4
480bc-440bc,4
300 bc-100 bc,4
142 bc -141 bc,4
200 bc  142),4
1070-950 bc,4
137bc,4
"240bc-230bc  ,  305bc-284bc",4
1887,4
167 bc -165 bc,4
400 bc-200 bc,4
390bc-360bc,4
460bc-440bc,4
3300-2900 bc,4
3200-3100 bc,4
1425-1400 bc,4
640bc-570bc,4
430bc,4
525bc-490bc,4
144 bc,4
530 bc,4
1981-1950 bc,4
4thc bc early,4
550bc-535bc,4
530bc-470bc,4
2100-2030 bc,4
170bc-117bc,4
450 bc-400 bc,4
600 bc-100 ad,4
198-211,4
580 bc-560 bc,4
1926,4
100 bc-ad 100,4
2120-1981 bc,4
540 bc,4
2465-2100 bc,4
1922,4
1504-1458 bc,4
570bc-500bc,4
680-670 bc,4
260-261,4
31 bc-395 ce,4
1450bc-1050bc,4
1802-1575 bc,4
934-40,4
15,4
6th-3rd century bc,4
1750-1640 bc,4
1802-1650 bc,4
1295-1213 bc,4
1878-1749 bc,4
2030-1550 bc,4
550bc-375bc,4
650bc-500bc,4
1789-1797,4
1991-1784 bc,4
160 bc-110 bc,4
1961-1954 bc,4
2465-2150 bc,4
4th century bc-ad 6th century or later,4
327-328,4
630bc-530bc,4
1550bc-1295bc,4
300 bc-200 bc,4
150bc-90bc,4
200 bc -145 bc,4
1731-1719 bc,4
1962-1952 bc,4
1513,4
2465-2323 bc,4
1100-332 bc,4
7thc bc -1stc bc,4
51,4
800-650 bc,4
3650-3100 bc,4
664-525 bc ?,4
1550-1504 bc,4
50-70,4
1200-1085 bc,4
294,4
3rd to 4th century ad,4
100bc-50bc,4
1390-1295 bc,4
132bc,4
323bc-31bc,4
308-311,4
630bc-300bc,4
2381-2323 bc probably,4
25bc-23,4
1889,4
171bc-169bc,4
150bc-110bc,4
2200-2100 bc,4
2030-1650 bc,4
400bc -200bc,3
1885,3
1811-1836,3
1914-1945,3
49,3
1950-1804 bc,3
1892,3
1810-1821,3
945-715 bc,3
3rdc bc- 2ndc bc,3
2020-2000 bc,3
"22 may 2006  ,  november 1996",3
620 bc-590 bc,3
bc332-30,3
12thc-14thc,3
187 bc,3
565bc-550bc,3
50bc-1bc,3
130bc-50bc,3
332bc-31bc,3
743-749,3
100bc-75bc,3
1295-664 bc,3
166 bc,3
mid 8thc-9thc,3
800 bc-600 bc,3
1567-1482 bc,3
1617,3
1633,3
1094-1101,3
390bc-350bc,3
430bc-370bc,3
6,3
1923,3
390bc-370bc,3
212bc,3
118bc,3
1820-1870,3
20bc-20,3
167bc-146bc,3
160bc,3
1823-1828,3
1550 bc,3
181 bc  142),3
54,3
1890,3
1859-1938,3
600bc-590bc,3
1874,3
ad 1909-1910,3
37-41,3
1876,3
360bc-340bc,3
1981-1850 bc,3
3rdc bc-3rdc ad,3
2000-1988 bc,3
1525-1550,3
1801-2,3
1710-1740,3
ad 1910-1911,3
500bc-401bc,3
580 bc – 550 bc,3
108 bc-87 bc,3
200bc-135bc,3
200bc-100 bc,3
1450-1500,3
750bc-332bc,3
2465-2458 bc,3
180bc-130bc,3
1293-1341,3
380-343 bc,3
late 4thc bc,3
240bc-220bc,3
1500bc-1200bc,3
"1-300 ,  50-175",3
1908-1910,3
200-400 ce,3
1470-1480,3
160bc-110bc,3
246bc-221bc,3
70-120,3
1st to 2nd century ad,3
160 bc -140 bc,3
3rdc bc–2ndc bc,3
1460-1470,3
160bc-155bc,3
170bc,3
1787,3
1stc ad,3
460bc-400bc,3
250bc-220bc,3
1972,3
230bc-200bc,3
350bc-275bc,3
1767,3
2ndc bc-1stc,3
400bc-350 bc,3
325-326,3
1427-1352 bc,3
150bc,3
420bc-370bc,3
198bc,3
305bc–100bc,3
2200-2152 bc,3
2575-2551 bc,3
40-80,3
1655,3
375bc-275bc,3
285,3
1400 bc,3
222-205 bc,3
800 bc–700 bc,3
154bc-152bc,3
1700,3
18thc-19thc,3
332-323 bc,3
1540-1545,3
1650-1660,3
214bc,3
35,3
1988,3
2nd century bc-4th century ad,3
490bc-440bc,3
1875-1925,3
1stc bc-7thc ad,3
380-30 bc,3
1st century bc,3
ad 3rd century perhaps,3
620 bc-200 bc,3
80-100,3
80-120,3
733-664 bc,3
360-343 bc,3
1825-1850,3
1921,3
4thc bc-3rdc ad,3
69-70,3
145 bc -135 bc,3
595 bc-589 bc,3
630bc-610bc,3
550bc -400bc,3
990-969 bc,3
7thc bc -6thc bc,3
760-332 bc,3
2ndc bc-1stc ad,3
1950,3
590bc-575bc,3
1295-712 bc,3
600bc – 275bc,3
1800-1550 bc,3
575 bc-525 bc,3
570 bc-525 bc,3
1070-1000 bc,3
312bc-310bc,3
1708-1756,3
"2ndc bc-1stc bc  ,  3rdc bc-1stc bc",3
600-300 bc,3
410bc,3
ad 125,3
6thc bc- 4thc bc,3
1920-1940,3
1070-1032 bc,3
150,3
630 bc-450 bc,3
1051 bc,3
2524-2400 bc,3
late 11th century,3
124bc-123bc,3
1989,3
2ndc bc-2ndc,3
1900bc,3
1981-1504 bc,3
217-218,3
1991-1782 bc,3
5th-9th century,3
1912-1913,3
275bc-225bc,3
945bc-664bc,3
2200bc-1500bc,3
110bc-109bc,3
1730,3
1643-1650,3
160bc-159bc,3
1380-1350 bc,3
14thc-16thc,3
3450-3300 bc,3
1650-1700,3
183 bc,3
3000 bc-1000 bc,3
475 bc-425 bc,3
1612,3
1908,3
116bc,3
6900-3100 bc,3
173 bc-171 bc,3
2345bc-2181bc,3
1615,3
1822,3
140 bc-100 bc,3
108 bc-88 bc,3
1672,3
1810-1700 bc,3
140 bc-120 bc,3
136bc,3
615bc-590bc,3
690-610 bc,3
111bc-110bc,3
1826,3
1596,3
294-305,3
716bc-702bc,3
1275bc,3
6th century or later,3
620 bc-580 bc,3
600 bc -580 bc,3
late 13th-early 14th century,3
1835-1836,3
second half 13th century,3
first half 14th century,3
710-640 bc,3
1609,3
4500bc-4000bc,3
1625-1690,3
190-220,3
1470-1475,3
1798-1825,3
121 bc,3
1981-1458 bc,3
172 bc,3
4th century bc or later,3
610bc-605bc,3
1260bc,3
1550-1500 bc,3
3500-3000 bc,3
1800-1650 bc,3
300bc-300,3
600 bc-400 bc,3
1390bc-1186bc,3
1550bc-1186bc,3
1650bc-1550bc,3
145 bc -109 bc,3
2ndc ad,3
1550-664 bc,3
6th-4th century bc,3
1522,3
1707,3
1515,3
1086-30 bc,3
160 bc -145 bc,3
1525,3
685-343 bc,3
1929,3
1100-1300ad,3
1574,3
"240,000-40,000 bc",3
1185-1070 bc,3
51-120,3
599bc-570bc,3
1700-1730,3
1873,3
100 bc-1 bc,3
1784,3
16thc-19thc,3
180 bc-140 bc,3
1546,3
1850-1802 bc,3
160 bc,3
50bc-50,3
450 bc-425 bc,3
1751,3
600bc-350bc,3
190bc-170bc,3
1838-1839,3
350 bc-300 bc,3
1976,3
750bc-300,3
1508,3
300bc-100ad,3
1800-1900,3
271 bc-267 bc,3
30 bc-395 ce,3
527-565,3
1170bc,3
210 bc-165 bc,3
51bc-30bc,3
1782-1803,3
last quarter 16th century,3
1633-1634,3
138bc-137bc,3
364-378,3
745-749,3
1793,3
145 bc-125 bc,3
1070bc-664bc,3
1844,3
1821-1906,3
1480-1490,3
700-750,3
2649-2465 bc,3
145 bc-120 bc,3
300 bc- 250 bc,3
200bc  142),3
1654,3
1981-1917 bc,3
1550bc-1069bc,3
1970-2000,3
945-332 bc,3
145 bc-87 bc,3
1919-1878 bc,3
1585,3
"13 march 2007  ,  december 2000",3
1stc bc -1stc ad,3
9thc bc,3
ca 1186-1070 bc,3
1810-1835,3
1950s,3
200-30 bc,3
"03 april 2006  ,  march 1998",3
157bc,3
169bc,3
second half 10th century,3
1773,3
171bc,3
176bc,3
1823,3
"26 may 2006  ,  december 2000",3
310 bc-290 bc,3
90-110,3
probably 11th century,3
25-75,3
108 bc-86 bc,3
103bc,3
109,3
1280bc,3
186bc-185bc,3
"1295-1070 bc, later than",3
110 bc-75 bc,3
100 bc-75 bc,3
2475-2450 bc,3
second century bc,3
190 bc-160 bc,3
4000-3800 bc,3
117bc-116bc,3
"19 november 2012  ,  march 1998",3
332-30 bc or later,3
107 bc -85 bc,3
400-250 bc,3
235 bc-220 bc,3
630 bc-200 bc,3
151 bc,3
4th-2nd century bc,3
ad 120-150,3
13th-15th century,3
1985bc-1878bc,3
1st-mid 4th century or later,3
2000bc,3
1620-1640,3
1760,3
225 bc-200 bc,3
1070 bc or later,3
134 bc-133 bc,3
1865-1881,3
125 bc-120 bc,3
1887-1878 bc,3
1520-1550,3
540 bc-525 bc,3
1427bc-1400bc,3
211 bc  142),3
100bc-100,3
600-30 bc,3
1800-1857,3
188 bc-108 bc,3
120-150,3
325 bc- 275 bc,3
1785,3
2055bc-1650bc,3
188 bc-146 bc,3
108bc-50bc,3
1336-1250 bc,3
1650-1657,3
1st century bc-ad 1st century,3
220bc-100bc,3
739-740,3
1550-1391 bc,3
220-250,3
1857,3
750bc-475bc,2
1759-1760,2
1327-1323 bc,2
380-300 bc,2
2323-2040 bc,2
1627-1601 bc,2
969-1099,2
1375bc,2
1375-1400,2
1581-1541 bc,2
1336-1295 bc,2
2150-2040 bc,2
1479-1420 bc,2
1201-1225,2
uncertain,2
1530-1540,2
2300bc,2
ad 1926,2
1336-1213 bc,2
1920bc-1740bc,2
1850,2
1897-1899,2
945-600 bc,2
1627-1668,2
1823-1858,2
1740-1760,2
380-246 bc,2
1827-1878,2
ad 41-68,2
1675,2
1717-1780,2
1810-1870,2
1143-1136 bc,2
1860-1926,2
"1549 ,  1550",2
1549,2
1851-1890,2
1758-1762,2
1780-1795,2
1789-1798,2
3650-2960 bc,2
1845,2
3300-2960 bc,2
1739,2
1800-1815,2
1546-1603,2
1570-1630,2
1st century bc-ad 4th century,2
1572,2
1801-1803,2
1798-1838,2
1661-1704,2
3700-3650 bc,2
323-642 ce,2
1635-1640,2
3900-3650 bc,2
1647-1666,2
1606-1633,2
1609-1649,2
1783-1640 bc,2
1533,2
2040-1802 bc,2
1840s-1850s,2
1685-1743,2
2040-1640 bc,2
1877,2
1840-1872,2
610-595 bc,2
1750-1600 bc,2
1512-1515,2
1863,2
1825-1883,2
1855-1860,2
1852,2
1627-1659,2
1630-1650,2
1920-1900 bc,2
1894,2
1520-1530,2
1503-1504,2
1925-1900 bc,2
1780-1810,2
522-30 bc,2
1748-1749,2
1597-1610,2
1569,2
ad 4th century,2
1250-1070 bc,2
1613-1650,2
1658-1664,2
1820-1837,2
1648-1681,2
1655-1665,2
1600-1637,2
1577,2
2250-2035 bc,2
660bc-650bc,2
2nd-early 4th century,2
1200-1186 bc,2
750-600 bc,2
8thc bc-3rdc bc,2
ad 1924,2
"14thc  ,  12thc",2
ad 1916,2
late 3rd century bc-1st century ad,2
1126-1108 bc,2
900bc-600bc,2
674bc-672bc,2
1908-1914,2
670bc,2
1295-1070 bc or later,2
3rd-early 4th century,2
2700bc,2
ad 50-100,2
200-150 bc,2
1628-1648,2
1766-1799,2
1610-1662,2
600-550 bc,2
1861-1933,2
1550bc-1400bc,2
1862,2
1560-1479 bc,2
"4th century bc, late",2
1868,2
1994,2
1501,2
1855-1865,2
1825-1834,2
1770s-1790s,2
1620-1686,2
1090-945 bc,2
1819,2
1665,2
original  1294-1279 bc,2
1565-1600,2
1520-1525,2
1613,2
1740-1786,2
1630-1635,2
1531-1576,2
1630-1633,2
1630,2
1200,2
642 ce-?,2
1150-1200,2
1st-2nd century ad,2
850bc-750bc,2
1000bc-900bc,2
17th-18th century,2
2ndc ),2
600-275 bc,2
10th-15th century,2
12th-19th century,2
40-55,2
690bc-664bc,2
4thc-8thc,2
early 2ndc,2
2040-1782 bc,2
114bc-48bc,2
450-550ad,2
2066-1650 bc,2
575-600,2
1400bc-1350bc,2
probably early 15th century,2
663-525 bc,2
1000bc,2
1587-1590,2
3400bc ),2
1500bc,2
bc 3rdc,2
1375bc-1275bc,2
630 bc-332 bc,2
600 bc-100 bc,2
1stc-3rdc ad,2
950 bc-525 bc,2
720bc-525bc,2
1497 bc-1488 bc,2
"2ndc bc-1stc bc ,  3rdc bc-2ndc bc",2
bc1069-747,2
1985bc-1795bc,2
110bc-44bc,2
1336bc-1327bc,2
1290-1224 bc,2
664 bc-ad 1st century,2
1700-1425 bc,2
95bc,2
95bc-94bc ),2
95bc-94bc,2
107bc,2
625 bc-75 ce,2
224bc-223bc,2
224bc,2
243bc,2
305bc-30bc,2
159bc,2
1200bc-1194bc,2
521-486 bc,2
146,2
1911,2
975-96,2
"202bc ) ,  230bc )",2
290bc-289bc,2
279bc ),2
107bc-101bc,2
600-900,2
1st-2nd,2
1350bc-1250bc,2
500-599,2
ad 2nd-7th century,2
940bc,2
1126-1070 bc,2
12th-15th century,2
early 2ndc ad,2
589bc-570bc,2
1350bc-1300bc,2
2nd century,2
620bc,2
143bc-137bc,2
185bc-170bc,2
first half 11th century,2
100 bc-300 ad,2
620,2
late 13th-15th century,2
8thc-11thc,2
2400 bc,2
1570-1293 bc ?,2
800-1000,2
305 bc-323 ce,2
10th-14th century,2
second half 13th-14th century,2
probably 11th-12th century,2
2ndc-8thc,2
600-800,2
700 bc,2
1300-1400,2
"400,000-240,000 bc",2
"240,000-40,000",2
"4thc-6thc ,  7thc",2
2600bc,2
1200bc,2
2000 bc,2
1400-1500ad,2
probably 13th-14th century,2
686-525 bc,2
1784-1570 bc,2
945-700 bc,2
1980-1550 bc,2
4th to 3rd century bc,2
1650-1550 bc,2
1450-1400 bc,2
1479-1352 bc,2
1200-700 bc,2
400 bc-50 bc,2
1294bc-1279bc,2
690bc–664bc,2
1318bc,2
1300-1250 bc,2
1200-1400,2
"350-550ad ,  550-700ad",2
1750 bc-1450 bc,2
2650bc,2
200 bc-400 ad,2
810-1010,2
618-29,2
590-620,2
664bc-305bc,2
500-600,2
dated 363 ah,2
2134-1784 bc,2
dated 366 ah,2
300-599,2
320bc-250bc,2
3rd-10th century,2
1352bc-1336bc,2
1820bc,2
nineteenth century,2
1874bc-1855bc,2
1210bc,2
700bc-500bc,2
bc1750-1450,2
1330bc,2
bc1479-1425,2
2000bc-600bc,2
2500bc-600bc,2
160-170,2
200,2
1914-1915,2
late 6th-7th century,2
2100 bc-1500 bc,2
1400bc-1390bc,2
2100bc,2
160-180,2
2nd-9th century,2
55-70,2
"7,000-5,000 bc",2
1930bc,2
140-160,2
bc 664-bc 305,2
345bc,2
9thc bc-8thc bc,2
13 bc,2
2420-2389 bc or later,2
350bc -250bc,2
2575-2465 bc,2
410bc-370bc,2
470bc-420bc,2
333bc-200bc,2
"2ndc bc  ,  150bc-50bc",2
3rdc bc-1stc ad,2
630bc-615bc,2
4th-mid 2nd century bc,2
550 bc-540 bc,2
430 bc-410 bc,2
520 bc-500 bc,2
299bc-250bc,2
420bc,2
5th-4th century bc,2
1290 bc – 1077 bc,2
2500-2400 bc,2
600-200 bc,2
"664 bc-610 bc  ,  589 bc-570 bc",2
332 bc-364 ad,2
after 200,2
600 bc-330 bc,2
500bc-330bc,2
1814-1805 bc,2
1st-4th century or later,2
2420-2389 bc,2
1200-1070 bc,2
2458-2446 bc,2
650 bc-500 bc,2
1st millennium bc-1st millennium ad,2
220 bc-190 bc,2
2400-2323 bc,2
240bc-80bc,2
203 bc,2
3rd-2nd century bc,2
400bc-390bc,2
425bc-350bc,2
"4,000-3050 bc",2
1850 bc,2
380-332 bc,2
1961-1840 bc,2
2030-1802 bc,2
2500 bc,2
400 ce,2
2013,2
2100-1950 bc,2
300-250 bc,2
1973,2
2012,2
2400-2250? bc,2
1554-1320 bc,2
1919-1800 bc,2
525bc-404bc,2
1760-1640 bc,2
11 march 1510,2
1161-62,2
1084,2
720-722,2
332 bc-ad 364,2
2010-2000 bc or  2000-1981 bc,2
1956-1953 bc,2
510bc-475bc,2
550bc-525 bc,2
1353-1327 bc,2
535bc-525bc,2
580bc-565bc,2
51-30 bc,2
1875-1900,2
1036-94,2
759-769,2
1400-1300 bc,2
1580-1350 bc,2
1950-1750 bc,2
dated 288 ah,2
2103-2101 bc,2
724-525 bc,2
1353-1335 bc,2
6thc bc-early 4thc bc,2
725 bc-675 bc,2
991-1031,2
630 bc-300 bc,2
570-30 bc,2
last quarter 10th century,2
1390-1213 bc,2
1st-mid 4th century,2
540 bc-510 bc,2
late 15th-early 16th century,2
664 bc- 525 bc,2
"2,000 bc",2
410bc-380bc,2
425bc-390bc,2
818-700 bc,2
175bc-100bc,2
450 bc-332 bc,2
525 bc-30bc,2
30bc-395,2
400bc -250bc,2
520 bc -330 bc,2
620 bc -300 bc,2
520 bc-330 bc,2
620 bc-100 bc,2
"600 bc-570 bc  ,  325bc-276bc",2
early 4thc bc,2
7th-4thc bc,2
290bc-280bc,2
50–350,2
332 bc- 31 bc,2
1070-900 bc,2
210bc-100 bc,2
6thc bc-7thc ad,2
1570-1550 bc,2
610 bc-570 bc,2
600bc-575 bc,2
fifth century bc,2
664 bc – 31 bc,2
100-500 ce,2
1570-?,2
2055 bc – 1650 bc,2
1186-712 bc,2
825-773 bc,2
600bc-501bc,2
570-525 bc,2
664 bc-30 bc,2
1650 bc – 1550 bc,2
mid-15th century,2
100-250ad,2
620bc-475bc,2
400 bc-325 bc,2
before 1200,2
16th century or later,2
3013-2999 bc,2
700bc-650bc,2
945-924 bc,2
1417-1379 bc,2
50-235,2
1550-1400 bc,2
740-700 bc,2
132–133,2
1479-1453 bc,2
400 bc to 250 bc,2
400 bc to 200 bc,2
712-660 bc or later,2
610bc-580 bc,2
500 bc-330 bc,2
332 bc-30 bc,2
183 bc-182 bc,2
100 -150,2
589 bc-570 bc,2
350 bc,2
247bc–222bc,2
550-850,2
1628-1642,2
1584,2
750,2
700bc-550bc,2
125 bc-50 bc,2
268bc -204bc,2
1660,2
270 bc-240 bc,2
1558,2
240 bc-220 bc,2
1610,2
107bc-87bc,2
600 bc-550bc,2
300bc-280bc,2
177bc-175bc,2
1772,2
1169-1193,2
160bc-145bc,2
640bc-610bc,2
430 bc,2
1795-1797,2
126bc-125bc,2
270 bc,2
332 bc-31 bc,2
"749-1258  ,  802",2
110bc-80bc,2
1785-1798,2
220bc-200 bc,2
174bc-173bc,2
340bc-320bc,2
150 bc-100 ad,2
260 bc-245 bc,2
654-685,2
179bc-178bc,2
132bc-131bc,2
114 bc,2
179 bc  142),2
47bc-46bc,2
160 bc -108 bc,2
230 bc-200 bc,2
196,2
1260-1277,2
230 bc-225 bc,2
114bc,2
200bc-110bc,2
193bc,2
1101,2
570bc-565bc,2
625bc-610bc,2
585bc-570bc,2
1625-1637,2
1738-1740,2
1800-1850,2
40-90,2
582-602,2
1790,2
75 bc-1 bc,2
146bc-110bc,2
85bc-70bc,2
144bc,2
225bc-146bc,2
205bc,2
425 bc-375 bc,2
30bc-70,2
1642-1646,2
750 bc-475 bc,2
1483,2
1700bc-1500bc,2
520bc-480 bc,2
750bc-50bc,2
1860,2
240 bc-230 bc,2
"50 bc-200 ad ,  50bc-200",2
7thc bc -3rdc ad,2
1690-1691,2
205bc-200bc,2
1826-1832,2
159 bc -158 bc,2
121bc-120bc,2
270bc-250bc,2
185bc,2
370bc,2
134 bc -133 bc,2
183bc,2
180 bc-175 bc,2
707,2
180 bc-178 bc,2
210bc-150bc,2
570 bc-560 bc,2
178 bc-176 bc,2
1519,2
127bc,2
1465-1500,2
1518-1540,2
7thc bc- 6th century bc,2
610-641,2
165 bc,2
117 bc,2
600bc-475bc,2
108bc-85bc,2
"300bc  ,  350bc-300bc",2
325bc-200bc,2
130bc-129bc,2
133bc-132bc,2
200bc-180bc,2
300bc-225bc,2
297,2
280bc,2
260bc-245bc,2
325 bc-310 bc,2
1506,2
1670,2
145bc-144bc,2
410bc-390bc,2
130bc,2
1800-1831,2
590bc-530bc,2
1776,2
155 bc-140 bc,2
134bc,2
1589-1623,2
112bc,2
1637,2
500bc – ad 200,2
245bc-235bc,2
1500-1502,2
200bc-170bc,2
350bc-50bc,2
250 bc-225 bc,2
154 bc -152 bc,2
125bc-50bc,2
310bc-290bc,2
1700-1799,2
300 bc -275 bc,2
140bc-120bc,2
220 bc-170 bc,2
194-195,2
192 bc,2
1564,2
340 bc-330 bc,2
146 bc -108 bc,2
600bc-480bc,2
1898,2
128bc-127bc,2
6thc bc -3rdc ad,2
1495-1500,2
19bc,2
270bc,2
194 bc,2
1546-1547,2
1838,2
288,2
"3,500-3,200bc",2
186 bc,2
171 bc-169 bc,2
196 bc,2
160 bc-155 bc,2
430bc-420bc,2
140 bc -130 bc,2
1545-1550,2
260 bc-250 bc,2
112,2
116bc-115bc,2
220 bc -188 bc,2
550 bc-500 bc ),2
110 bc,2
1600-1623,2
2ndc-6thc,2
275bc- 250bc,2
119 bc,2
203 bc  142),2
193 bc,2
1460-1500,2
38,2
"1550  ,  1552",2
145bc-87bc,2
195 bc,2
1639,2
240 bc-200 bc,2
142 bc-141 bc,2
640bc-540bc,2
150bc-75bc,2
5thc bc ),2
136bc-135bc,2
148bc-147bc,2
161bc-160bc,2
350 bc-200 bc,2
131bc,2
600 bc-300 bc,2
1640-1670,2
200bc-175bc,2
151bc-150bc,2
53bc-52bc,2
5thc bc -1stc bc,2
1530,2
1490-1500,2
152bc,2
1600-1622,2
115 bc,2
44bc,2
296-297,2
"19 june 2006  ,  december 2000",2
108bc-107bc,2
270bc-240bc,2
1750-1752,2
"18 may 2006  ,  december 2000",2
1610-1640,2
1812,2
520bc,2
1150-1160,2
102,2
1750-1780,2
"31 march 2006  ,  november 1996",2
3rdc bc-3rdc,2
300-500,2
175 bc-125 bc,2
193 bc-180 bc,2
80-200,2
2020,2
1940,2
1979,2
1500-1520,2
1866,2
530bc-480bc,2
1590-1600,2
1612-1616,2
"4thc-7thc ,  1stc-7thc",2
116bc-114bc,2
15thc-18thc,2
149bc-148bc,2
145bc-117bc,2
1632-1635,2
1470-1474,2
630bc-332bc,2
late 4thc-early 5thc,2
1598,2
122bc,2
1851,2
1879,2
250-300,2
31bc,2
300 bc-150 bc,2
1267,2
"28 march 1998  ,  23 june 2006",2
340,2
330bc- 200bc,2
1935,2
1stc ad – 3rdc ad,2
40bc-30bc,2
"december 2000  , -",2
27bc,2
1850-1900,2
1829,2
3rdc bc-3rdc bc,2
40bc-11bc,2
142-143,2
1630-1700,2
101-220,2
1805-1819,2
525 bc-400 bc,2
400 bc-375 bc,2
520 bc-450 bc,2
550bc-475bc,2
1724,2
550bc-300bc,2
"december 2000  ,  02 july 2011",2
1782,2
134,2
24,2
250bc,2
20thc ad,2
"23 may 2006  ,  december 2000",2
250bc-176bc,2
1800-1897,2
"1stc-3rdc ,  1-300",2
1031,2
"14 march 2007  ,  december 2000",2
1800-1835,2
1799-1801,2
1310-1320,2
600 bc-525 bc,2
1800-1877,2
1635-1642,2
"21 june 2006  ,  december 2000",2
1800-1899,2
1614,2
326,2
1854-1856,2
118 bc,2
50bc-100,2
mid 19thc,2
420 bc-360 bc,2
380bc-360bc,2
139,2
100-110,2
1647,2
1854,2
1016,2
1919,2
167 bc-108 bc,2
3rdc ad,2
1730-1750,2
304bc-282bc,2
1536,2
1901,2
1300bc-1175bc,2
1340bc-1050bc,2
1010,2
1650-1666,2
750bc-450bc,2
120 bc-108 bc,2
1951,2
195,2
1575-1632,2
120 bc,2
351-354,2
1511,2
"6thc-7thc  ,  1stc-3rdc",2
"3rdc  ,  2nd century bc-1st century bc",2
1910-1920,2
210 bc-190 bc,2
650-700,2
112 bc,2
16thc bc-11thc bc,2
5th-6th,2
1883,2
7thc bc -4thc bc,2
1763-1766,2
1340 bc-1200 bc,2
14-54,2
600 bc-50 bc,2
1940s,2
1833,2
1050 bc-750 bc,2
1029,2
50bc-30bc,2
1968,2
1491,2
1806,2
ad 1-100,2
590 bc-560 bc,2
1515-1573,2
250 bc-220 bc,2
4thc bc -1stc bc,2
1450 bc-1200 bc,2
220 bc-180 bc,2
300bc-250 bc,2
1875,2
912,2
90-100,2
76-120,2
1531,2
1884,2
1831,2
200 bc-125 bc,2
1528,2
1563-1628,2
625bc-525bc,2
1018,2
200 bc-135 bc,2
107 bc-85 bc,2
1610-1673,2
780-525 bc,1
60-80,1
1878-1640 bc,1
2000-1917 bc,1
"2ndc bc ,  late 2nd century bc-early 1st century bc",1
150-200,1
1991-1802 bc,1
1981-1500 bc,1
167 bc -108 bc,1
1850-1550 bc,1
625bc-501bc,1
220bc-200bc,1
170 bc-150 bc,1
304 bc-30 bc,1
188 bc -167 bc,1
250 bc -200 bc,1
250 bc -225 bc,1
2ndc ad-4thc ad,1
188 bc -108 bc,1
200 bc -180 bc,1
1990-1900 bc,1
1802-1749 bc,1
"240 bc-200 bc ,  3rd century bc",1
105 bc-95 bc,1
1814-1805 bc suggested,1
1900-1500 bc,1
160 bc-100 bc,1
210 bc -190 bc,1
100 bc-30 bc,1
168bc-166 bc,1
220 bc-200 bc,1
165 bc-145 bc,1
1971-1952 bc,1
200 bc -175 bc,1
100bc-50,1
180 bc -165 bc,1
169bc-167bc,1
120 bc-30 bc,1
88 bc-86 bc,1
2059-2051 bc,1
535bc,1
184 bc,1
2528-2520 bc or later,1
"700bc-650bc  ,  630bc-580bc",1
67 bc-40 bc,1
late 1st century bc-early 1st century ad,1
3500-2650 bc,1
original  1479-1458 bc,1
158 bc,1
1850-18883,1
1859-1750 bc,1
1825-1750 bc,1
1854-56,1
2030 bc,1
ad 1928,1
1872,1
1825-25,1
"19 november 2007  ,  november 1996",1
1825-1835,1
1845-1864,1
1856-1857,1
1802-1670 bc,1
1479-1295 bc,1
1550-1480 bc,1
1816-1818,1
1858-1886,1
2nd century ad,1
700-332 bc,1
304-247 bc,1
16thc-17thc,1
1800 to 1868,1
1924-1930,1
1525-1492 bc,1
1902,1
1900-1937,1
707-690 bc,1
1920-1925,1
1900-1919,1
1920-1928,1
1427-1295 bc,1
1390-1336 bc,1
"december 2000  ,  31 may 2006",1
1550-30 bc,1
1981-1425 bc,1
"05 may 2014  ,  december 2000",1
"07 may 2014  ,  november 1996",1
10 may 2006,1
"december 2000  ,  13 july 2011",1
1st century bc-ad 2nd century or later,1
"05 may 2014  ,  march 1998",1
"15 november 2012  ,  march 1998",1
680-650 bc,1
"19 april 2006  ,  november 1996",1
150-1 bc,1
"- ,  december 2000",1
1323-1295 bc,1
1320-1237 bc,1
1975,1
750-664 bc,1
332-280 bc,1
150-100 bc,1
"december 2000  ,  11 may 2006",1
06 july 2006,1
1802-1676 bc,1
1741-1730 bc,1
late 1st-2nd century,1
"30 september 2009  ,  december 2000",1
23rd may 2006,1
"08 may 2006  ,  december 2000",1
"28 february 2008  ,  december 2000",1
"28 march 1998  ,  03 february 2006",1
"21 may 2008  ,  november 1996",1
1981-1878 bc,1
"26 may 2006  ,  november 1996",1
2030-1504 bc,1
"07 august 2006  ,  november 1996",1
1920-1927,1
1427 bc-1390 bc,1
1750-1550 bc,1
1620-1581 bc,1
145 bc -108 bc,1
110 bc -100 bc,1
186-121 bc,1
150 bc -110 bc,1
1850-1700 b c,1
1850-1700  bc,1
154 bc -153 bc,1
2100-1650 bc,1
1560-1458 bc,1
150 bc-75 bc,1
1458-1425 bc,1
1391-1353 bc,1
205 bc -200 bc,1
200 bc-170 bc,1
1711-1700 bc,1
113 bc,1
107 bc -87 bc,1
1787-1784 bc,1
1782-1780 bc,1
1765-1763 bc,1
2000-1952 bc,1
1802-1640 bc check,1
107 bc -86 bc,1
245 bc-235 bc,1
190 bc -160 bc,1
233 bc,1
275 bc-225 bc,1
1981-1885 bc,1
235 bc -160 bc,1
145 bc -87 bc,1
80bc-50bc,1
2140-1991 bc,1
250bc-225bc,1
170 bc -140 bc,1
"1stc bc  ,  late 1stc bc-mid 1stc ad",1
1930-1940,1
1880-1910,1
1980-2000,1
1327-1295 bc,1
1320-1200 bc,1
1200-1521,1
176-180,1
193-200,1
"1stc  ,  100-150",1
30bc-ad410,1
2ndc ad-7thc ad,1
late 1stc ad-early 2ndc ad,1
25bc-70,1
1304-1237 bc,1
1349-1330 bc or shortly thereafter,1
ad 1929,1
1349-1336 bc,1
245bc,1
175-225,1
1600-1540 bc,1
220 bc -180 bc,1
300 bc -250 bc,1
240 bc -220 bc,1
1479-1450 bc,1
ad 1921,1
ad 1917,1
"ad 1914-1916, original  1479-1458 bc",1
176 bc -174 bc,1
140bc-110bc,1
140 bc -100 bc,1
700 bc-450 bc,1
late 16th-17th century,1
323bc-100bc,1
1600bc-1200bc,1
1978-1940 bc,1
2030-1917 bc,1
"70-125  ,  70-125",1
"100 -250 ,  100-250",1
50bc-500,1
760-664 bc,1
1070bc-712bc,1
323bc 31 bc,1
595-570 bc,1
"150bc-75bc ,  150bc-75bc ,  150bc-100bc",1
664-525 bc or later,1
1700bc-1450bc,1
ad 90-91,1
700-300 bc,1
1550-1000 bc,1
first half of first millennium bc,1
500 bc-300 ad,1
"750bc-300bc  ,  300bc-300",1
1300bc-1100bc,1
"200bc-100bc ,  150 bc",1
"3rdc-4thc ,  200-400",1
730-332 bc,1
1340 bc-1150bc,1
1350 bc-1200 bc,1
1550 bc-1070 bc,1
1279bc-1200bc,1
1550bc-1200 bc,1
1340bc-1100bc,1
1153-712 bc,1
550-30 bc,1
1295-1186bc,1
1279bc-1213bc,1
1390bc-1327bc,1
1379bc-1373bc,1
747-664 bc,1
1186bc-1069bc,1
1390bc-1336bc,1
"1stc-4thc ,  1-400",1
probably 12th-14th century,1
11th-13th century,1
probably 7th-8th century,1
575bc-555bc,1
late 3rd-5th century,1
600bc -550 bc,1
6thc bc -1stc bc,1
480 bc-323 bc,1
1-70,1
360-480,1
5 bc- 54,1
470 bc-440 bc,1
probably 6th-7th century,1
25 bc-25 ad,1
dated 282 ah,1
2nd-6th century,1
"595bc-550bc  ,  590bc",1
3rd-5th century or later,1
510bc,1
late 7thc bc-early 4thc bc,1
"6thc bc  ,  630bc -500bc",1
750bc-400bc,1
475 bc-300 bc,1
"100-200 ,  100-200",1
400bc-275bc,1
300bc-25bc,1
150 -300,1
probably 12th-15th century,1
750 bc-475bc,1
600 bc-300bc,1
340bc-251bc,1
600 bc-480 bc,1
300 bc-300 ad,1
1 -300,1
dated 401 ah,1
778 ce,1
4thc bc-2ndc,1
"270-350  ,  270-350",1
"330bc-150bc ,  199bc-1bc",1
"600 bc- 400 bc ,  525bc-330bc",1
1504bc-1300bc,1
600bc-585bc,1
980-930 bc,1
440 bc-420 bc,1
450-650,1
13 september 1801,1
475bc-460bc,1
1867-1914,1
1700-1900,1
7thc-4thc bc,1
1230bc,1
1600-1700,1
1590bc,1
000-400,1
1000-1300,1
37-39,1
"225bc-175bc ,  250bc -100bc",1
550-700ad,1
"332bc-200bc ,  325 bc-225 bc",1
4900bc-3000bc,1
187,1
204,1
202-203,1
150-180,1
3100bc-100bc,1
150-170,1
120-140,1
55-70 ad,1
1320bc-1200bc,1
3100bc-2890bc,1
470bc-450bc ),1
1050bc-664bc,1
81,1
0 -400,1
1550 bc-500 bc,1
"2000bc-500bc  ,  10thc bc-6thc bc",1
1820s,1
499bc-450bc,1
203bc-202bc,1
83-84,1
2500bc-1450bc,1
2532 bc-2503bc,1
"300bc-220bc  ,  266 bc-227 bc",1
227ad,1
320bc,1
286bc-246bc,1
945bc-715bc,1
21 nov 108 bc,1
1940bc,1
1490bc,1
182,1
1300bc-700bc,1
1500bc-1450bc,1
1285bc,1
6-8c,1
1150 bc,1
522bc-500bc,1
1400bc-1250bc,1
1300 bc-700 bc,1
1625-1500 bc,1
"4thc bc ,  332bc-323bc",1
late 19th century-early 20th century,1
bc1550-1186,1
270 bc-50 bc,1
"332bc-200bc ,  325 bc – 250 bc",1
1925bc,1
1937bc,1
19thc bc,1
1700-1800,1
1295bc-1069bc,1
"100  ,  91",1
2460bc,1
30bc-100,1
"1stc-3rdc ,  1stc bc",1
1126 bc-1108 bc,1
41bc,1
1475bc,1
40bc,1
895bc-870bc,1
340bc,1
520bc-460bc,1
1st century bc-1st century ce,1
80bc-40bc,1
dated 320 ah,1
probably 16th century,1
late 14th-mid-15th century,1
late 13th-14th century,1
probably second half 13th century,1
585bc-580bc,1
600bc-520bc,1
mid-14th century,1
probably 13th-16th century,1
second half of 12th century,1
909-1171,1
10th-early 11th century,1
first half 15th century,1
dated 581 ah,1
probably 8th-10th century,1
751-58,1
808-810,1
"7th century, possibly",1
373 ah,1
early 11th century,1
probably 12th century,1
late 13th century,1
late 10th century,1
dated 450 ah,1
dated 310 ah,1
250bc-175bc,1
892-902,1
640bc-620bc,1
945-52,1
jun 1964,1
late 9th century,1
525bc,1
late 17th century,1
late 11th-12th century,1
dated 304 ah,1
dated 375 ah,1
first quarter 11th century,1
second half 15th century,1
1320,1
second half 4th century,1
6th-7th century century,1
"150-200 ,  150-200",1
80-90,1
2630-2611 bc,1
"250bc  ,  275bc-250bc",1
"1stc ,  1-100",1
2465-2389 bc,1
"175bc-75bc ,  175bc-75bc ,  200bc-50bc",1
2323-2255 bc,1
"150bc-50bc ,  150bc-50bc ,  200bc-50bc",1
"200 bc-30 bc ,  100bc-50bc",1
2490-2472 bc,1
"25-50  ,  1stc ad ,  15 bc-ad 25",1
"100bc-25bc ,  100bc-25bc ,  50bc-1 bc",1
2649-2630 bc,1
"1stc-2ndc ,  1-200",1
1988-1952 bc,1
485-465 bc,1
2255-2246 bc,1
"200 bc-30 bc  ,  2nd century bc",1
18th or 19th century,1
"50-250 ,  100-300",1
dated 1315 ah,1
10th century and dated 646 ah,1
probably 19th century,1
1650 bc-1100 bc,1
1750 bc-1550 bc,1
50bc-400,1
"50-100 ,  50-100",1
2550-2460 bc,1
14-20,1
65-100,1
2400-2150 bc,1
2420-2250 bc,1
130-200,1
"20-40  ,  25bc-10bc",1
2353-2152 bc,1
30bc-25bc,1
918-23,1
dated 308 ah,1
4th-9th century,1
16th-17th century,1
620 bc-520 bc,1
probably 15th century,1
late 15th century,1
1416-58,1
probably 14th century,1
847-61,1
743-49,1
550 bc-525 bc ),1
late 7th-9th century,1
18th-19th century,1
18th century,1
late 3rd-4th century,1
probably 14th-15th century,1
possibly 19th century,1
9th-14th century,1
530bc-500 bc,1
625 bc- 575bc,1
525bc-470bc,1
460 bc,1
550bc-520bc ),1
early 7th century,1
660-880,1
470bc-430bc,1
600bc-550 bc,1
probably 5th-6th century,1
7th-11th century,1
probably 7th century,1
4th-8th century,1
610bc-550 bc,1
340bc-310bc,1
"dated june 4, 1036",1
600bc-575bc ),1
200bc-25bc,1
320bc-310bc,1
1296-1321,1
350-450,1
1325-30,1
540bc-530 bc,1
3rd-12th centruy,1
660-870,1
"4thc bc  ,  late 1stc bc-early 1stc ad",1
late 6th-mid-8th century,1
late 6th century-mid 8th century,1
630 bc-350 bc,1
18thc bc -17thc bc,1
640-60,1
1021-36,1
100bc-ad200,1
3rdc-3rdc,1
3rd-9th century,1
dated 328 ah,1
dated 300 ah,1
300 bc–ad 200,1
"1stc bc-2ndc ad ,  2ndc bc-2ndc ad",1
mid-10th century,1
304 ah,1
550 bc -500 bc,1
"1stc ,  67-98",1
67-98ad,1
7th-17th century,1
3nd-7th century,1
540bc-530bc ),1
1st-7th century,1
6th-12th century,1
1444,1
610bc-510bc,1
shortly after 1285,1
1329-35,1
early 15th or 19th century,1
550 bc- 450 bc,1
550 bc-350 bc,1
450 bc,1
probably 5th-8th century,1
575 bc- 525 bc,1
"525bc-500bc ,  550bc-500bc",1
100 bc-100,1
late 11th-early 12th century,1
600-570 bc,1
1550-1350 bc,1
12 apr 1964,1
271-272,1
probably 3rd to 4th century ad,1
1186-664 bc,1
1186-525 bc,1
4th-late 1st century bc,1
177bc-176bc,1
800-595 bc,1
2649-1640 bc,1
2649-2030 bc,1
1056,1
664 bc to ?,1
1468-1496,1
1295-343 bc,1
5th century ad or later,1
3rd-1st century bc,1
late 3rd-2nd century bc,1
3rd-late 2nd century bc,1
343 bc or before,1
ad 161-180,1
1st century bc to 5th century ad or later,1
3rd to 4th century ad or later,1
1st century bc to 1st century ad,1
1st century  bc-1st century ad,1
945-664 bc,1
1859-1749 bc,1
1076-664 bc,1
probably 1st century ad,1
300 bc-ad 50,1
1850-1640 bc or 1295-1070 bc,1
39,1
180bc-179bc,1
after 1400,1
1550-1295bc,1
ad 37-41,1
ad 14-37,1
144bc-143bc,1
343-30 bc,1
"664-30 bc, probably",1
200bc-199bc,1
100 bc-ad 400,1
2nd century bc or later,1
250 bc,1
late 3rd to 4th century ad,1
664-570 bc,1
1186-1216,1
246 bc-221 bc,1
late 19th century,1
13th or 14th century,1
1412-21,1
4rd century bc or later,1
713,1
712,1
709,1
705,1
698,1
2705-2250 bc,1
roman period,1
714,1
664 -525 bc ?,1
305-30 bc ?,1
664 bc-?,1
715-650 bc,1
1550-525 bc,1
3rd century bc-3rd century ad,1
1600-1070 bc,1
117,1
1101-1130,1
952-975,1
1335-1336,1
1-300,1
"2nd century bc, perhaps",1
7th to 6th century bc,1
2nd century bc-ad 4th century,1
ad 2nd-6th century,1
late 1st century bc-mid 4th century ad or later,1
2nd century bc or early 1st century bc,1
5000-3100 bc,1
model: ad 1913-1916,1
105,1
"7,000 bc or later",1
2289-2246 bc,1
400-300 bc,1
ad 1910-11,1
1479-1070 bc,1
1186-1184 bc,1
1878-1650 bc,1
1768-1765 bc,1
17th century bc,1
1648-1540 bc,1
2030-1652 bc,1
90,1
1800-1500 bc or later,1
113bc-112bc,1
2124-2000 bc,1
2030-1980 bc,1
1763-1758 bc,1
1764-1759 bc,1
122bc-121bc,1
1820-1740 bc,1
1760-1670  bc,1
127bc-126bc,1
1479-1429 bc,1
1327-1323 b c,1
1950 bc,1
2150-2050 bc,1
probably  1850-1640 bc,1
1887-1840 bc,1
1550-1390 bc,1
1570-1479 bc,1
1450-1350 bc,1
1425-1352 bc,1
1460-1295 bc,1
1294-1250 bc,1
94bc-93bc,1
158bc-157bc,1
1919-1840 bc,1
147bc-146bc,1
1208-1209,1
1420 bc,1
500-30 bc,1
500-100 bc,1
1900-1885 bc,1
2124-1580 bc,1
1580-1295 bc,1
1887-1425 bc,1
1295-1070 bc or 1070-664 bc,1
2152-2100 bc,1
2550 bc,1
135bc,1
52,1
1350-1070 bc,1
3500-3100 bc,1
2030-1295 bc,1
ca,1
1258 bc,1
43,1
"high priest of amun  1064-1055 bc, then co-regent",1
ca 1184-1070 bc,1
"1295-1070 bc, probably later",1
135bc-134bc,1
1153-1143 bc,1
1700-1450 bc,1
304 bc-ad 364 bc,1
176bc-175bc,1
1980-1975 b c,1
969-959 bc,1
1345-1335 bc,1
1981-1803 bc,1
1950-1640 bc,1
1640-1600 bc,1
1850-1750 bc probably,1
129bc-128bc,1
230-150 bc,1
1907-1908,1
1458-1410 bc,1
143bc-142bc,1
ad 1921-1922,1
1909-10,1
ad 1920-21,1
ad 1922-23,1
ad 1930-31,1
121bc,1
ad 1923-1924,1
1924-1925,1
133bc,1
ad 1920,1
1570-525 bc,1
1570-323 bc,1
25 jun 1964,1
250-270 ce,1
189bc-180bc,1
1000-800 bc,1
0-100 ce,1
2195-2066 bc,1
712-656 bc,1
dynasty 5,1
588-568 bc,1
1253-35 bc,1
00-99 ce,1
525 bc-30 bc,1
2004-1400 bc,1
4000 bc,1
1570 bc-323 ce,1
0-199 ce,1
130 ce,1
2133-1786 bc,1
523-332 bc,1
saite period,1
2134-1785 bc,1
950-500 bc,1
100 ce,1
1350-1205 bc,1
1991-1600 bc,1
1473-1458 bc,1
2134-2061 bc,1
2040-1782 bc ?,1
3800 bc,1
969,1
2705-2525 bc,1
1400-1599 ce,1
152bc-151bc,1
153bc-152bc,1
dynasty 22-late period,1
middle kingdom,1
159bc-158bc,1
3050-2663 bc,1
2630-2524 bc,1
800-700 bc,1
1567-1320 bc,1
1860-1877,1
883-859 bc,1
378-341 bc,1
3100-2705 bc,1
2900-2400 bc,1
pre 1800 bc,1
1550-1293 bc,1
first intermediate period,1
1974,1
685-705 ce,1
2663-2195 bc,1
2524-2250 bc,1
1994-1781 bc,1
100 bc-100 ce,1
1080-746 bc,1
1550-1080 bc,1
predynastic,1
300-600 ad,1
900-1100 ce,1
400-500 ce,1
modern,1
1360-1347 bc,1
767-525 bc,1
1991-1785 bc,1
305-200 bc,1
1403-1080 bc,1
2857-2630 bc,1
500-600 ce,1
600 ce,1
before 1080 bc,1
1570-656 bc,1
1554-1080 bc,1
664-342 bc,1
2290-2150 bc,1
1350-1341 bc,1
499-400 bc,1
525-325 bc,1
2600 bc,1
1800-1876,1
2686-2181 bc,1
1100 bc,1
1600 bc,1
1820 bc,1
1746-1567 bc,1
200-299 ce,1
1451,1
1319-1292 bc,1
1497,1
1524-1525,1
1000-609 bc,1
538 bc-75 ce,1
404-399 bc,1
1570-1293 bc],1
1570-1070 bc ?,1
1526-1527,1
"48,000 bc",1
6000-3500 bc,1
1319,1
1st or 2nd c bc,1
685-395 ce,1
685 bc-395 ce,1
1570- 1070 bc,1
2400-2100 bc,1
1503,1
332 bc-323 ce,1
3200 bc ?,1
2686-2181 bc ?,1
477-491,1
1501-1479 bc,1
1721,1
greco-roman,1
1081-1118,1
1458-1490,1
1458-1494,1
dynasty 20,1
1403-1557,1
"10,000 bc-4800 bc",1
4800-4200 bc,1
4800-3100 bc,1
3200-3000 bc,1
1486,1
3250-3000 bc,1
1471,1
1524,1
1523-1538,1
1423-1457,1
2720 bc,1
c 30 bc,1
dynasty 11,1
106bc-105bc,1
2750 bc,1
1000-625 bc,1
modern-1930s,1
1100-1200 ce,1
1375 bc,1
1035-1094,1
500-450 bc,1
595 bc,1
2004-1595 bc,1
972-3,1
395-641 ce,1
323-500 ce,1
100-200 ce,1
2100 bc,1
2780 bc,1
1323-1319 bc,1
1298-1189 bc,1
1450-1466,1
21st dynasty,1
1235,1
1380-50 bc,1
1380-62 bc,1
1346-1336 bc,1
1250,1
1422-1438,1
578-582,1
880,1
2061-1991 bc,1
1293-525 bc,1
305-?,1
474-491,1
715,1
c 685-525 bc,1
1570-686 bc,1
1370 bc,1
343-332 bc,1
1295-1170 bc,1
10-14,1
107,1
ad 1st-mid 2nd century,1
ad 50-150,1
50 bc-50 ad,1
"ad 2nd century, perhaps about 140 ad",1
ad 225-250,1
ad 98-117,1
ad 150 perhaps,1
"ad 1st century, middle",1
305bc-300bc,1
47-48,1
1427-1401 bc,1
ad late 1st century probably,1
125,1
ad 160-180,1
ad 130-150,1
ad 140-170,1
ad 100-125,1
ad 90-120,1
ad 120-140,1
"ad 2nd century, early",1
2007,1
ad 150-200,1
ad 50,1
2575-2520 bc,1
1930s-1950s,1
ad 270-280,1
probably 360-343 bc,1
ad 190-210,1
1882-1990s,1
1086-332 bc,1
1550-710 bc,1
1184-1070 bc,1
completed by 10 bc,1
1938-1952,1
200 bc-ad 50,1
1850s-1940s,1
27 bc-ad 14,1
2nd century bc-ad 50,1
200 bc-ad 100,1
30 bc-ad 30 or later,1
91-92,1
ad 2nd century perhaps,1
4th century bc-ad 1st century,1
1070-945 bc or earlier,1
1304-1421,1
730-664 bc,1
1840-1640 bc,1
070,1
7000-4500 bc,1
original  1184-1153 bc,1
180-145 bc,1
41-42,1
1550-1475 bc,1
64-65,1
305bc-284bc,1
2150-2100 bc,1
602-610,1
2255-2152 bc,1
340-348,1
348-350,1
313-314,1
650-400 bc,1
1000-950 bc,1
"ad 2nd-3rd century, probably",1
286-305,1
2nd century bc-ad 2nd century,1
749-1258,1
712-650 bc,1
1st century bc or earlier,1
"750-1258  ,  802",1
ad 3rd century or later,1
ad 2nd century or later,1
193-197,1
ad 100-150,1
1550-1275 bc,1
595-526 bc,1
2010-2000 bc,1
1400-1200 bc,1
274-275,1
285-246 bc,1
641-668,1
192,1
1295-1270 bc,1
664-300 bc,1
570-300 bc,1
43bc,1
976,1
985-1021,1
1013,1
332 bc-200 ad,1
1501-1516,1
1446-1450,1
40bc-31bc,1
12-13,1
63-64,1
217,1
184-192,1
1961-1917 bc or later,1
1800-1600 bc,1
1981-1900 bc,1
1950-1550 bc,1
1981-1600 bc,1
106,1
330-335,1
4th-early 3rd century bc,1
595-589 bc,1
150 bc-150 ad,1
722-650 bc or somewhat later,1
7th-4th century bc,1
611-594 bc,1
1939-1945,1
1880s,1
"1993 ,  20thc",1
1850-1950,1
11 march 1935,1
222-204 bc,1
924-600 bc,1
3rd-late 1st century bc,1
664-332 bc and modern,1
305-282 bc,1
144-145,1
335,1
2nd century bc-1st century ad,1
38bc,1
588-526 bc,1
743-656 bc,1
1907,1
1959,1
3200 bc,1
2900 bc,1
1943,1
1945,1
2949 bc,1
3050 bc,1
3300 bc,1
2900-2650 bc,1
1798-1799,1
1953,1
2130-1981 bc,1
1933-1934,1
1450 bc,1
1504-1400 bc,1
ad 90-100,1
ad 80-100,1
278-270 bc,1
1950s-1970,1
3850-3300 bc,1
2000-1640 b c,1
1962,1
36bc,1
2040-1458 bc,1
317-340,1
305-307,1
1640-1470 bc,1
518-533,1
1958,1
3450-3200 bc,1
1978,1
1980-1990,1
3650-3450 bc,1
114bc-104bc,1
3450-3350 bc,1
80-30 bc,1
3900-3700 bc,1
1940s-1950s,1
332-30 bc probably,1
256-257,1
ad 1923-27,1
original  1400-1352 bc,1
177-192,1
3500-5000 bc,1
"300,000-100,000 bc",1
3800-3600 bc,1
967,1
1081-2,1
2520-2472 bc,1
2750-2650 bc,1
1012,1
2107-2103 bc,1
ad 100-300,1
300 bc-100 ad,1
ad 3rd-4th century,1
1570-1492 bc,1
88bc-80bc,1
1570-1526 bc,1
1113-14,1
1055,1
"35,000-5000 bc",1
1299-1309,1
818-332 bc,1
7th-16th century,1
159-160,1
1300-1200 bc,1
mid 7th century,1
600-1000,1
1000 bc or later,1
193-194,1
after 364,1
after 100,1
"1870  ,  1871",1
996-1020,1
13th-12th century bc,1
1st millennium,1
9th-15th century,1
after 300,1
109bc-108bc,1
"after 600, perhaps",1
1st century,1
850-700 bc,1
104bc-103bc,1
late 4th-3rd century bc,1
1349-1327 bc,1
712-663 bc,1
1504-1450 bc,1
110,1
1070-720 bc,1
115,1
114,1
1070-889 bc,1
113,1
656 bc or later,1
664-404 bc or later,1
700-525 bc,1
116,1
26,1
112bc-111bc,1
285 bc-262 bc,1
1186-600 bc,1
1410-1370 bc,1
945-722 bc,1
688-343 bc,1
50bc-49bc,1
7th century bc,1
1479-1391 bc,1
1012-13,1
1720-1717 bc,1
30 bc-ad 30,1
975-900 bc,1
50,1
700-650 bc,1
late 8th-mid 7th century bc,1
700-500 bc,1
7th-late 4th century bc,1
800-640 bc,1
550-300 bc,1
664-332 bc or earlier,1
138bc,1
1200-525 bc,1
53,1
111,1
157-158,1
246-221 bc,1
275-276,1
2575-2450 bc,1
"ca, 1200-332 bc",1
1798-1810,1
1085-6,1
304 bc-ad 100,1
300 bc approximately,1
664-656 bc or longer,1
277bc-276bc,1
1937,1
594-558 bc,1
1070-664 bc or later,1
129,1
690,1
1184,1
522 bc,1
300-100 bc,1
800-525 bc,1
393 bc,1
975-945 bc,1
after 423 bc,1
550-500 bc,1
180bc-176bc,1
ad 1926-27,1
343bc-337bc,1
1350-1295 bc,1
390-343 bc,1
306bc,1
"4th century -30 bc, perhaps",1
1301-1200 bc,1
1213-1203 bc,1
1275-1070 bc,1
1237-1200 bc,1
312-313,1
1136-1129 bc,1
305-311,1
1517,1
285-246 bc probably,1
1635-1550 bc,1
690-650 bc,1
589-570 bc or later,1
688-252 bc,1
152-153,1
332-290 bc,1
107-88 bc,1
210-204 bc,1
4th century bc-1st century ad,1
713-714,1
310bc-301bc,1
43bc-42bc,1
15 may 392-17 january 395,1
332-200 bc,1
317-320,1
230-231,1
321,1
324-325,1
326-327,1
163bc-162bc,1
5000-3900 bc,1
58-59,1
280 bc,1
"332-30 bc, perhaps",1
300-150 bc,1
525-380 bc,1
332-150 bc,1
178bc-177bc,1
1017,1
9bc-3bc,1
425-435,1
116bc-80bc,1
150 bc-200 ad,1
594bc-527bc,1
2353-2150 bc,1
ad 250,1
332-250 bc,1
300-340,1
1886-1070 bc,1
340-540,1
210-180 bc,1
350-300 bc,1
388-394,1
100-30 bc,1
450bc ),1
520 bc-480 bc,1
1567bc-1200bc,1
900-950,1
"2005 ,  20thc",1
early 19thc,1
1520-1560,1
1997,1
1960-1980,1
6 may 1952,1
18 feb 1890,1
15 april 1854,1
"10thc-11thc  ,  15thc",1
1680,1
"16thc ,  17thc",1
1560-1565,1
1170-1200,1
1170-1220,1
1677-1678,1
1510,1
"1510 ) ,  1789-1807",1
680bc-669bc,1
1914-1920s,1
1890s,1
2009,1
1903,1
1997-2004,1
7thc-14thc,1
1963-1964,1
1400-1700,1
500-1500,1
1924,1
1960s-1970s,1
1939,1
1963,1
200-350,1
18061811,1
1777-1795,1
1769-1780,1
1990-2010,1
1400-1425,1
1stbc-1stad,1
1450,1
1710-1730,1
332 bc-200 bc,1
1981,1
2ndc -6thc,1
490 bc-480 bc,1
570bc-555bc,1
585bc-575bc,1
540bc-535bc,1
480 bc-400bc,1
350-475,1
515bc-500bc,1
545bc-540bc,1
400-700,1
10thc-15thc,1
4th bc-1st bc,1
30bc-50ad,1
445bc-430bc,1
425-500,1
570-600,1
100-160,1
360-420,1
360-470,1
1330-1340,1
1000ad,1
"late 1stc-3rdc ,  50-300",1
900-1000,1
80bc-51bc,1
400-450,1
"727  ,  742-743",1
530-650,1
1-60,1
10bc-150,1
25-100,1
30bc-55,1
750-755,1
30bc-20ad,1
727-745,1
"1stc-7thc  ,  1-700",1
709-714,1
742-743,1
743-745,1
719-721,1
1130–49,1
"1615  ,  19thc",1
623-662,1
510bc-450bc,1
"1506  ,  1800-1866",1
1750-1850,1
875bc-850bc,1
1635-1642 ),1
1823bc,1
1665-1670,1
18thc bc-17thc bc,1
2000bc-1600bc,1
859,1
1540-1550,1
1753 ),1
1350-1400,1
1525-1575,1
705-709,1
769-773,1
5th,1
3rdbc-1stbc,1
1430,1
"1226-1275  ,  18thc",1
1680-1700,1
1052,1
1041,1
1032,1
27 december 1159,1
1570-1600,1
1512,1
1243-1244,1
1250-1300,1
1301-1350,1
1277-1279,1
1300-1320,1
1480-1500,1
1528-1563,1
1505-1536,1
1515-1519,1
1000bc-500bc,1
1632,1
3500bc-3000bc,1
1666,1
1021,1
2ndc-5thc,1
"10thc-11thc  ,  14thc",1
1928,1
1375-1425,1
300-400,1
1100,1
450-600,1
1101-1150,1
1214,1
969-999,1
1301-1325,1
mid-7thc-8thc,1
1001-1025,1
18thc bc,1
800 bc-400 bc,1
951-1050,1
300-600,1
300-475,1
1330,1
1043,1
2004,1
650-750,1
2100bc-2000bc,1
mid-7thc-mid-9thc,1
1343,1
800,1
2019,1
1697-1698,1
1320-1341,1
1884-1885,1
1st century ad,1
1127-1146,1
1605-1650,1
1868-1875,1
1179-1180,1
"4thc-5thc  ,  550-575 )",1
664bc-610bc,1
"17thc  ,  16thc",1
"1710-1720  ,  1840-1860  ,  1735-1745",1
1180-1250,1
1680-1690,1
1850s-1920s,1
673bc-672bc,1
350-400,1
270 bc-250 bc,1
510bc–500bc,1
155bc-150bc,1
330bc- 200ad,1
108bc-90bc,1
70ad-100ad,1
475bc-375bc,1
620bc-450bc,1
1-200ad,1
192bc,1
250bc-30bc,1
4thc bc- 3rdc bc,1
525bc -332 bc,1
1768-1805,1
560 bc-540 bc,1
500bc-350bc,1
500bc-485bc,1
"330bc-200bc ,  200bc-ad 200",1
310 bc-270 bc,1
625 bc-575 bc,1
100ad-300ad,1
300bc-10bc,1
195bc,1
475bc-401bc,1
525bc–500bc,1
late 3rdc-early 4thc,1
late 1stc-early 2ndc,1
650 bc-525 bc,1
late 4th century bc,1
110bc-90bc,1
110 bc-90 bc,1
160bc-140bc,1
480bc-300bc,1
330bc -30bc,1
150bc-100ad,1
630 bc-323 bc,1
235bc-180bc,1
200bc-200ad,1
late 5thc bc,1
117ad -138ad,1
134bc-133bc,1
200bc-101bc,1
late 3rdc bc-late 2ndc bc,1
450bc-300 bc,1
143bc,1
165-166,1
272bc-205bc,1
200-399,1
"1-25  ,  1stc ad ,  15 bc -ad 25",1
1650 bc–1450 bc,1
580 bc-550 bc,1
"10-25  ,  1stc ad ,  15 bc-ad 25",1
6-7th,1
late 4thc bc- late 1stc bc,1
760bc–332bc,1
230bc -160bc,1
51-110,1
101-150,1
100-220,1
41-80,1
"1800 bc-1550 bc  ,  1130 bc-943 bc",1
501-620,1
580bc-520bc,1
69-117,1
530bc-490bc,1
199bc-100bc,1
100ad-250ad,1
"5thc bc ,  480bc-350bc",1
150ad-250ad,1
30bc-ad 230,1
"4thc bc-2ndc bc ,  4thc bc-3rdc bc",1
500bc-375bc,1
late 7thc bc-mid 6thc bc,1
"6thc bc-5thc bc ,  4thc bc-1stc bc",1
2ndc -4thc,1
300 bc-125 bc,1
3rdc bc- 1stc bc,1
300bc -100ad,1
3rdc -4thc,1
8thc bc-6thc bc,1
2000bc-1650bc,1
98-200,1
100-375,1
620bc-400bc,1
600bc-30bc,1
1ad-50ad,1
170bc-110bc,1
565bc-555bc,1
4c bc,1
280bc-200bc,1
"3rdc bc-2ndc bc  ,  1stc bc",1
200 bc-1bc,1
220bc-150bc,1
"3rdc bc-1stc bc  ,  1stc ad",1
167 bc-165 bc,1
283 bc-246 bc,1
323 bc-246 bc,1
450 bc-350 bc,1
470bc-400bc,1
660bc-575bc,1
"480bc-400bc ,  460bc-430bc",1
"5thc bc  ,  6thc bc",1
230bc-210bc,1
209 bc-205 bc,1
108 bc,1
460bc-400 bc,1
245bc-240bc,1
"3rdc bc-2ndc bc  ,  150bc-50bc",1
"3rdc bc-2ndc bc  ,  4thc bc-3rdc bc",1
5thc bc -3rdc bc,1
450bc-200bc,1
173bc-171bc,1
147bc,1
650bc-615bc,1
175bc-125bc,1
540 bc to 525 bc,1
sixth century bc,1
550 bc-530 bc,1
108bc-86bc,1
230 bc-220 bc,1
590bc-570 bc,1
470 bc-460 bc,1
480 bc- 460 bc,1
490bc-470 bc,1
490 bc-470 bc,1
220bc-110bc,1
260bc-230bc,1
fourth century bc,1
300bc-240bc,1
230bc-220bc,1
175 bc -150 bc,1
100bc-50 bc,1
210 bc,1
107bc-78bc,1
200bc-80 bc,1
140bc-80bc,1
146bc-88bc,1
240bc-210 bc,1
260bc-240bc,1
205bc-185bc,1
210bc-144bc,1
290bc-260bc,1
310bc-300bc,1
160bc-100bc,1
176bc-174bc,1
125bc-110bc,1
190 bc,1
180bc-178bc,1
191bc,1
200bc-140bc,1
200bc-80bc,1
205bc-120bc,1
177bc-175 bc,1
225bc-215bc,1
140bc-100bc,1
260bc-250bc,1
375bc-250bc,1
275-250 bc,1
190bc-150bc,1
early 4th century bc,1
145bc-86bc,1
225bc-100bc,1
109bc-86bc,1
220bc-130bc,1
145 bc-100 bc,1
180bc-165bc,1
111bc,1
300bc-235bc,1
220bc-100 bc,1
230bc-160bc,1
128bc,1
1345-1346,1
1477,1
645bc-640bc,1
"1548 ,  1550",1
1507,1
1915-1916,1
1561,1
1859-1886,1
1742-1804,1
"1465-1500 ) ,  1600-1700 )",1
1626,1
1556,1
1864,1
1730-1753,1
1740-1750,1
1538,1
1520-1521,1
1575,1
1562,1
1736-1777,1
1590-1595,1
1763-1767,1
1576-1600,1
1750-1767,1
1738,1
1668,1
1753,1
1811,1
1590-1610,1
1594,1
1511-1514,1
1548,1
1540-1560,1
1860-1865,1
1741,1
1849-1851,1
1842,1
1715-1760,1
1640-1693,1
1678-1708,1
1658-1667,1
1665-1675,1
1818-1850,1
1620-1626,1
1519-1550,1
1765,1
1679-1736,1
1472-1504,1
1590-1642,1
1510-1575,1
1597-1598,1
1522-1540,1
1764,1
1570-1619,1
1676-1716,1
1572-1602,1
1507-1519,1
1627-1652,1
1680-1703,1
1634-1662,1
1570-1590,1
1577-1585,1
1625-1700,1
1896,1
1890-1912,1
1596-1641,1
1774,1
1683,1
1555-1630,1
1824-1842,1
1810-1825,1
1551-1614,1
1778-1835,1
1904,1
1887-1889,1
1760-1779,1
1657-1660,1
1809-1874,1
1560-1575,1
1550-1572,1
1849,1
1756,1
1450-1525,1
1901-1943,1
1792-1794,1
1550-1573,1
1750,1
1882,1
645bc-635bc,1
1465-1480,1
1810-1844,1
1510-1520,1
1777,1
1661-1724,1
1843-1848,1
1460-1475,1
1758,1
1488,1
1740-1780,1
1533-1600,1
1832-1840,1
1798-1812,1
1748-1765,1
1592,1
1757-1772,1
1805-1842,1
1542,1
1700-1880,1
1514,1
1723-1741,1
1750-1765,1
1830,1
1630-1690,1
1680-1725,1
1672-1724,1
1700-1750,1
1678,1
1649-1695,1
1760-1771,1
1782-1814,1
1530-1550,1
1810-1874,1
1505-1508,1
1575-1675,1
1650-1670,1
1777-1841,1
1747,1
1740-1790,1
1786-1839,1
1814-1879,1
1625-1664,1
1806-1848,1
1650-1699,1
1768,1
1526-1587,1
1630-1676,1
1801-1853,1
1469-1482,1
1484-1543,1
1558-1559,1
1622-1626,1
1765-1841,1
1586-1590,1
1593-1665,1
1563-1635,1
1625-1640,1
1740-1776,1
1796-1813,1
1717-1750,1
"1658  ,  1668",1
1749,1
1504,1
1440-1480,1
1639-1640,1
1843-1844,1
1750-1800,1
1626-1648,1
1768-1800,1
1859-1866,1
1785-1795,1
1781-1783,1
1568,1
1517-1527,1
1660-1678,1
1723,1
1814-1862,1
1635-1678,1
1700-1729,1
1842-1862,1
1610-1615,1
1450-1470,1
1690-1735,1
1899,1
1825-1829,1
1840-1851,1
1675-1691,1
1628-1635,1
1657,1
1643,1
1625-1641,1
1620,1
1618-1619,1
1638-1687,1
1667,1
1835-1840,1
1627-1648,1
1642,1
1630-1674,1
1780-1840,1
1670-1680,1
1780s,1
1750-1786,1
1630-1660,1
1750-1799,1
1456-1537,1
1625,1
1635-1645,1
1841-1850,1
1600-1650,1
1720,1
1760-1800,1
1541-1600,1
1621-1680,1
1645-1650,1
1628-1679,1
1543-1588,1
1520-1561,1
1500-1527,1
1779,1
1607,1
1781,1
"1805 ,  1806 ,  1807",1
1655-1718,1
1803-1818,1
1600-1630,1
1514-1519,1
1575-1629,1
1646-1670,1
1800-1837,1
1590-1640,1
1617-1622,1
1549-1558,1
1603-1647,1
1602,1
1659-1664,1
1680-1720,1
1747–1814,1
1790-1850,1
1636-1674,1
730bc-710bc,1
671bc-669bc,1
604bc-562bc,1
825bc,1
1804-1848,1
1765-1793,1
1241/2,1
691bc,1
1525-1530,1
1567,1
1790s,1
1640-1645,1
1569-1626,1
1581-1638,1
1586-1644,1
1445-1505,1
1616-1666,1
1745-1747,1
1539,1
1595-1623,1
1690-1699,1
1620-1663,1
1588,1
1577-1583,1
1555-1629,1
1578-1590,1
1581,1
1627-1665,1
1568-1613,1
1729,1
1729-1742,1
1650-1679,1
1544-1552,1
1917-1960,1
1550-1555,1
1771,1
1820-1824,1
1790-1860,1
1770,1
1655-1660,1
1828-1833,1
1834-1835,1
1585-1629,1
1635-1638,1
1845-1866,1
1770-1782,1
1640-1697,1
1580-1629,1
1866-1867,1
1841-1846,1
1733-1778,1
1496-1536,1
1638,1
1858,1
1676,1
1792,1
1474-1537,1
1560-1590,1
1636-1666,1
1692-1702,1
1682,1
1754,1
1669-1714,1
1547,1
1810-1820,1
1865-1890,1
1831-1874,1
1604,1
1536-1580,1
1722-1791,1
1661,1
1856,1
1798-1804,1
1480-1495,1
1832,1
1880-1930,1
1918-1940,1
1615-1646,1
1775-1800,1
1760-1778,1
1844-1899,1
1698,1
1788,1
1621-1658,1
1617-1680,1
1783,1
1615-1631,1
1580-1600,1
1800-1810,1
1786-1807,1
1529,1
1786,1
1511-1515,1
1850-1899,1
1440-1470,1
1804-1811,1
1800s,1
1803-1806,1
1881,1
1745-1760,1
1769,1
1625-1686,1
"1512  ,  1515",1
1736,1
1654-1709,1
1816-1829,1
1760-1769,1
2005-2009,1
1680s,1
1750s,1
1794,1
1795,1
1746-1766,1
1817,1
525bc-425bc,1
225bc-100 bc,1
380bc-343bc,1
mid-3rdc  or 266/267),1
july 2nd 186,1
174 bc  142),1
"664 bc-510 bc  ,  589 bc-570 bc",1
late 7thc bc-6thc ad,1
570 bc-526 bc,1
late 7thc bc-late 5thc bc,1
5thc bc-1stc bc,1
1370bc-1330bc,1
bc 700-500,1
176 bc-174 bc,1
323 bc-452 ad,1
2321bc-2184bc,1
2200bc-1800bc,1
209 bc,1
2200 bc,1
6 april 29 ad,1
155 bc-150 bc,1
1370bc-1300bc,1
1st-3rdc,1
164 bc-163 bc,1
1500 bc-1300 bc,1
107 bc-86 bc,1
196bc,1
650bc,1
1795bc-1650bc,1
1450bc-1300bc,1
180 bc-165 bc,1
2613bc-2566bc,1
200 bc- 75 bc,1
200 bc- 175 bc,1
200 bc-190 bc,1
bc945-715,1
bc305-30,1
50 bc-100 ad,1
1200 bc -1194 bc,1
154bc-142bc,1
1000bc-800bc,1
140bc-135bc,1
211 bc,1
1470bc-1350bc,1
1550bc,1
1290bc-1230bc,1
300-499,1
200 ad,1
2ndc bc -1stc bc,1
176 ad,1
595bc-589bc,1
2044bc-2004bc,1
1800bc-1750bc,1
640bc-615bc,1
400-599,1
650bc-550bc,1
191 bc,1
3rdc-4thc ad,1
600 bc-560 bc,1
756,1
2050bc-2000bc,1
2020bc,1
590-786 ),1
2479bc-2322bc,1
610bc-570 bc,1
522bc-486bc,1
240 bc- 200 bc,1
1st-4th century,1
1850bc-1650bc,1
1300bc-1275bc,1
159 bc-158 bc,1
85 bc-50 bc,1
140 bc-130 bc,1
1200bc-1100bc,1
260 bc- 245 bc,1
1600bc,1
170 bc- 168 bc,1
3050bc,1
304bc-30bc,1
1300bc-1250bc,1
760 bc-600 bc,1
bc2000-1800,1
1470bc-1425bc,1
246bc-220bc,1
1550bc-1285bc,1
175bc-150bc,1
664 bc-610 bc,1
230 bc- 220 bc,1
1965bc-1920bc,1
107 bc-98 bc,1
525bc-31bc,1
625bc,1
third century bc,1
630bc,1
300 bc- 290 bc,1
1485bc,1
526bc-525bc,1
300bc-230bc,1
123bc-122bc,1
340 bc-310 bc,1
116bc-51bc,1
170 bc-145 bc,1
305bc-283bc,1
590bc,1
bc1799-1795,1
25bc-50,1
1370bc-1190bc,1
"30bc-305  ,  20th century",1
95bc-10bc,1
7bc-34,1
115bc-114bc,1
103bc-37bc,1
"392bc-390bc , 512)",1
391bc-390bc,1
252bc-251bc,1
124bc-94bc,1
143bc-116bc,1
101bc-88bc,1
"43 bc-1 bc  ,  9bc-1bc",1
1479bc-1457bc,1
50bc-100ad,1
315 bc-305 bc,1
7thc bc-2ndc bc,1
107 bc-88 bc,1
2101bc-2070bc,1
209bc-205bc,1
150 bc-100bc,1
110 bc-100 bc,1
2450bc ),1
2686bc-2613bc,1
1479bc,1
500-700,1
40-60,1
240 bc- 220 bc,1
"1stc-2ndc  ,  19thc",1
332 bc-799,1
5thc-12thc,1
275bc-240bc,1
20-40,1
150 bc-120 bc,1
1stcbc,1
1400bc-1150bc,1
680bc,1
950bc,1
bc2125-1985,1
170bc-140bc,1
210 bc-160 bc,1
127,1
200 bc-180 bc,1
19th august 182,1
256,1
3100bc,1
1250bc-1100bc,1
4thc-12thc,1
135bc-81bc,1
1850bc-1830bc,1
"4thc-5thc  ,  6thc",1
"4thc  ,  6thc",1
263bc,1
1390bc-1295bc,1
6th-8thc,1
7thc-11thc,1
1070bc-1032bc,1
55-59,1
525-550,1
550-625,1
180bc-135 bc,1
450-600ad,1
"7thc  ,  8thc-9thc",1
601,1
102bc-101bc,1
116bc-50bc,1
45bc-22bc,1
"729 ) ,  727 )",1
130 bc to 110 bc,1
400 bc-400 ad,1
500 bc-460 bc,1
"3000 bc-1000 bc  ,  700 bc-200 bc  ,  700bc-200",1
0-400,1
"2200 bc-600 bc  ,  1500 bc-600 bc",1
425 bc-400bc,1
1340bc-1320bc,1
520 bc-460 bc,1
"2ndc  ,  3rdc",1
2055bc-1600bc,1
1070bc-940bc,1
"600 bc-0 bc  ,  500 bc-400 ad",1
216bc,1
750 bc,1
300bc-800ad,1
1330bc-1250bc,1
240bc,1
1465bc,1
460 bc-425 bc,1
1800bc-1500bc,1
7000bc,1
3000bc-1000bc,1
520 bc-490 bc,1
"4thc bc ,  475bc-300bc",1
27bc-25bc,1
"1200bc-600bc  ,  1000bc-400bc  ,  6thc bc-2ndc  ,  1500bc-600bc",1
1800bc-600bc,1
1400 bc-600 bc,1
1400 bc-700 bc,1
700 bc-0 bc,1
400 bc- 400 ad,1
700 bc-200 bc,1
1985bc-1785bc,1
625 bc-550 bc,1
425 bc-400 bc,1
1800bc-1000bc,1
525 bc-425 bc,1
1500 bc-600 ad,1
1675bc-1650bc,1
2500bc-1800bc,1
3300 bc-ad 1000,1
140-180,1
100bc-30bc,1
5thc-13thc,1
184bc,1
1700bc,1
550 bc-480 bc,1
13thc-16thc,1
7thc-16thc,1
1100-1300,1
600 bc-540 bc,1
1372-1400,1
400 bc-100 bc,1
230-250,1
525 bc-500 bc,1
1stc bc-19thc,1
10thc-14thc,1
400bc-200ad,1
1st-4thc,1
12thc-16thc,1
4thc-10thc,1
8th-9thc,1
125bc-101bc,1
180bc-30bc,1
7thc-8thc ad,1
161bc,1
1600bc-1550bc,1
525 bc-480 bc,1
1510bc,1
bc 1352-1336,1
450bc-401bc,1
550 bc-400 bc,1
3200bc,1
991bc,1
4thc bc- 1stc bc,1
"550bc-400bc ,  5thc bc-4thc bc",1
610bc-525bc,1
5thc ad,1
500bc-450 bc,1
"5thc-6thc ,  7thc-8thc",1
570bc-526bc,1
10thc bc,1
1285 bc,1
"4thc bc ,  525bc-30bc",1
2200bc-600bc,1
2345bc-2025bc,1
1250bc-1150bc,1
bc 200-100,1
575 bc-450 bc,1
1550bc-1500bc,1
1550bc-1425bc,1
660-770,1
100-350,1
7th-8thc,1
920-921,1
753,1
200 -300,1
1897bc-1878bc,1
1200bc-1000bc,1
1985bc-1800bc,1
50 -150,1
1350bc-1295bc,1
bc664-332,1
"1stc bc-2ndc  ,  1st century bc-1st century ad",1
664bc,1
590-600,1
725-735,1
700-730,1
ad 1 -100,1
44bc-40bc,1
35bc-30bc,1
23 march 91ad,1
30 september 89ad,1
11 october 94ad,1
1 may 105ad,1
5 april 103ad,1
18 october 106ad,1
3rdc bc-4thc ad,1
1476bc-1457bc,1
710bc,1
after 211/210 ad ),1
660-700,1
622-637,1
647,1
79,1
645,1
2985bc,1
"3rdc bc ,  1st century bc",1
2200 bc-1500 bc,1
325bc-250bc,1
2112bc-2055bc,1
747bc-525bc,1
4000bc,1
312,1
4000bc-3000bc,1
2550bc,1
1650bc-1540bc,1
510bc-480bc ),1
945bc-700bc,1
2ndc ad-3rdc ad,1
"3rdc ,  200-300",1
1040bc,1
384bc-282bc,1
1000bc-600bc,1
2200 bc-600 bc,1
"70-100 ,  70-100",1
2200bc-1000bc,1
1500 bc- 1000 bc,1
"138bc-125bc  ,  142bc-116bc",1
bc747-525,1
1340bc-1300bc,1
4400bc-4000bc,1
1120bc,1
"65 ,  6thc-8thc",1
1922bc-1878bc,1
104 bc-103 bc,1
100bc,1
1600bc-1100bc,1
bc600-200,1
1stc bc-4thc ad,1
73,1
42 ),1
late 7thc bc-early 6thc bc,1
1st-2ndad,1
1306bc-1186bc,1
1786bc-1777bc,1
1140bc-1080bc,1
bc1808-1799,1
3400bc-3200bc,1
bc 11,1
150 ad,1
162bc,1
2000bc-1800bc,1
"300bc-300 ,  50bc-300",1
410bc-400bc,1
"300bc-50bc ,  50bc-300",1
180 bc-168 bc,1
150 bc-130 bc,1
150 bc to 125 bc,1
7thc bc-4thc ad,1
25bc-1bc,1
190 bc-150 bc,1
620 bc-350 bc,1
950 bc-650 bc,1
160 bc-120 bc,1
300bc-251bc,1
375bc-370bc,1
1800 bc-1550 bc,1
330bc- 30bc,1
620bc-300bc,1
"6thc bc-4thc bc  ,  620bc-525bc",1
520bc-450 bc,1
250 bc to 100 bc,1
750 bc-300 ad,1
500bc-200,1
525bc -330bc,1
664bc–31bc,1
4thc bc-2ndc ad,1
"160-190  ,  188-189",1
450 bc-435 bc,1
330bc-50bc,1
100bc – ad300,1
69–79,1
560bc- 540bc,1
76-100,1
600bc -575bc,1
620 bc-550 bc,1
600 bc -575 bc,1
200bc–1bc,1
50-100,1
1-25,1
1050 bc-300 bc,1
590bc-540bc,1
620 bc-332 bc,1
332bc–364,1
400bc-100ad,1
560 bc-530bc,1
4thc -7thc,1
625bc-520bc,1
500 bc-400 bc?,1
570 bc-530 bc,1
560 bc-530 bc,1
630 bc-600 bc,1
630bc-560bc,1
7thc bc-3rdc ad,1
585bc-560bc,1
6thc bc-3rdc ad,1
550 bc-550 bc,1
1stc -7thc,1
620-600 bc,1
380bc-370bc,1
101-120,1
1375bc-1200bc,1
160bc-130bc,1
590 bc-580 bc,1
50bc-50ad,1
555bc-540bc,1
575 bc -550 bc,1
1290 bc-1070 bc,1
4thc bc-7thc ad,1
550bc-530bc ),1
1290 bc-715 bc,1
721 bc – 706 bc,1
1189 bc-1077 bc,1
600bc-600ad,1
106ad-235ad,1
620bc-30bc,1
620bc -30bc,1
570bc*530bc,1
late 7thc bc-late 3rdc bc,1
545bc-535bc,1
525bc-475 bc,1
760 bc- 650 bc,1
943 bc–653 bc,1
2ndc -3rdc,1
30bc -630,1
"760bc–364 ,  7thc bc-4thc bc",1
9thc ),1
1292 bc-664 bc,1
360bc-250bc,1
400-600,1
100-400,1
200-500,1
"1-25  ,  1stc ad ,  15 bc-ad 25",1
401-450,1
1070 bc – 900 bc,1
450 bc-420bc,1
550 bc-500bc,1
10-30,1
180-250,1
526 bc-525 bc,1
620 bc-525 bc,1
late 6thc bc,1
101-110,1
80 bc-50 bc,1
75-125,1
150bc-30bc,1
50-200,1
200bc-125bc,1
630 bc-500 bc,1
525bc-515bc,1
117bc–106bc,1
30bc-100ad,1
3rdc bc-2ndc,1
"118  ,  135",1
300bc-50 bc,1
450bc-410bc,1
2nd bc- 1st bc,1
50bc-150,1
"50-235 ,  117-192",1
1050bc-50bc,1
117-200,1
168 bc-166 bc,1
200 bc-50 bc,1
140 bc-110 bc,1
450bc-440bc,1
1050bc-900bc,1
630bc-620bc,1
300 bc to 250 bc,1
10bc-200,1
700 bc-550 bc,1
260–268,1
130–131,1
144–145,1
"4thc bc ,  late 5th century bc",1
41–42,1
117bc–111bc,1
625bc-500bc,1
146bc–117bc,1
204bc–181bc,1
600bc -400bc,1
350 bc to 300 bc,1
1650bc-300,1
30bc-ad50,1
470bc–460bc,1
470 bc,1
664 bc – 332 bc,1
30 bc–ad 150,1
"1650bc-1050bc ,  1050bc-500bc",1
500bc -200bc,1
76–77,1
71–72,1
600bc–560bc,1
525 bc – 480 bc,1
450 bc to 350 bc,1
450 bc to 300 bc,1
250 bc to 200 bc,1
"600bc-475bc ,  7thc bc",1
1-235,1
500bc-100bc,1
125bc-75bc,1
100-150,1
305bc -100bc,1
54–68,1
69–81,1
68–69,1
16–37,1
"30bc-300 ,  600bc-200bc",1
101-210,1
"630bc -500bc  ,  500bc -200",1
600bc-551bc,1
170bc-130bc,1
107bc-88bc,1
350bc-30bc,1
104bc,1
150bc-51bc,1
3rd bc,1
491bc,1
75-200,1
204bc,1
94bc,1
101bc,1
109bc,1
95bc ),1
164bc,1
1stc ad -2ndc ad,1
97bc-96bc,1
88bc,1
89bc,1
10bc-50,1
99bc-98bc,1
"106bc ) ,  95bc )",1
200bc-130bc,1
556bc-555bc,1
3rdc ),1
201bc,1
8thc-9thc?,1
177bc,1
107 bc-87 bc,1
228bc-227bc,1
225 bc-100 bc,1
100,1
1072bc ),1
ad 194,1
1600bc-1060bc,1
575bc- 330bc,1
"231bc  ,  225bc-224bc",1
2nd century bc,1
"490bc  ,  525bc-330bc",1
208bc-207bc,1
227bc-226bc,1
146bc,1
630bc-475bc,1
124bc,1
"2ndc  ,  1stc bc",1
330bc-310bc,1
200bc-300,1
179bc,1
244bc-243bc,1
"164bc-163bc  ,  158bc-157bc",1
"154bc-153bc  ,  149bc-148bc",1
"150bc-149bc  ,  146bc-145bc",1
1854bc-1808bc,1
500 bc-1bc,1
260 bc-220 bc,1
182bc-181bc,1
2360bc,1
1-125,1
bc 2400,1
213bc,1
850bc,1
183bc-182bc,1
184bc-183bc,1
270 bc-235 bc,1
93bc-92bc,1
108bc,1
141bc,1
195bc-194bc,1
140bc-139bc,1
186bc,1
"2ndc bc ,  200bc-150bc",1
276bc,1
475-550,1
284bc,1
bc1070,1
40-100,1
950 bc-30 bc,1
260bc,1
190bc,1
1-33,1
50-80,1
600-700 ad,1
26-75,1
"171bc-170bc ,  181bc )",1
118,1
200bc-100,1
93bc,1
78bc,1
"4thc-5thc ,  300-500",1
120bc-98bc,1
330bc-320bc,1
200ad-250ad,1
320 bc-310 bc,1
620bc-550 bc,1
475bc-440bc,1
440bc-420 bc,1
520 bc-420 bc,1
390bc-330bc,1
400bc-360bc,1
1 -200,1
380bc-362bc,1
320bc-290bc,1
577 bc,1
"100bc-ad100  ,  630bc -100bc",1
late 2ndc bc,1
"1stc ad-2ndc ad ,  2ndc bc-1stc bc",1
325 bc-305 bc,1
late 1stc bc-2ndc ad,1
late 1stc bc- late 2ndc ad,1
10bc-75ad,1
10bc-75,1
7thc bc to 5thc bc,1
425-600,1
30bc-250,1
6thc bc-7thc,1
600bc- 560bc,1
3rdc -3rdc,1
6thc bc- 5thc bc,1
"3rdc bc-1stc bc ,  1stc ad-4thc ad",1
580bc-560 bc,1
30bc-350,1
475 bc-450 bc,1
500bc-ad 200,1
1stc-6thc,1
620bc-585bc,1
520bc-450bc,1
360bc-330bc,1
370bc-360bc,1
340bc-330bc,1
75bc-100,1
265bc,1
620 bc-320 bc,1
500 bc-310 bc,1
188bc-146bc,1
265bc-264bc,1
311bc,1
bc 664- bc 305,1
130bc-100 bc,1
1270bc,1
75bc-25bc,1
217bc,1
150 bc-50 bc,1
64bc,1
270bc-269bc,1
3rdc bc ),1
300bc-290bc,1
25bc-ad 79,1
568bc,1
542bc,1
517bc,1
188bc-108bc,1
mid third century bc,1
125bc-100bc,1
330 bc-200 bc,1
330bc-300,1
668 bc -332 bc,1
669 bc -332 bc,1
"600bc-330bc ,  6thc bc",1
330bc -300,1
480bc-430bc,1
590 bc-570 bc,1
525bc -475bc,1
425bc-380bc,1
120-138,1
200bc-188bc,1
117 -138,1
60-100,1
500 bc- 400 bc,1
1070 bc-653 bc,1
332bc-641ad,1
31 bc-300 ad,1
630 bc- 525 bc,1
1784-1668 bc,1
